remove2,0,remove1,0,add1,0,add2,0
remove2,0,remove1,0,add1,0,add2,0
remove2,0,remove1,0,add1,0,add2,0
remove2,0,remove1,0,add1,0,add2,0
remove2,0,remove1,0,add1,0,add2,0
remove2,0,remove1,0,add1,0,add2,0
remove2,0,remove1,0,add1,0,add2,0
remove2,0,remove1,0,add1,0,add2,0
remove2,0,remove1,0,add1,0,add2,0
remove2,0,remove1,0,add1,0,add2,0
remove2,0,remove1,0,add1,0,add2,0
remove2,0,remove1,0,add1,0,add2,0
remove2,0,remove1,0,add1,0,add2,0
remove2,0,remove1,0,add1,0,add2,0
remove2,0,remove1,0,add1,0,add2,0
remove2,0,remove1,0,add1,0,add2,0
remove2,0,remove1,0,add1,0,add2,0
remove2,0,remove1,0,add1,0,add2,0
remove2,0,remove1,0,add1,0,add2,0
remove2,0,remove1,0,add1,0,add2,0
remove2,0,remove1,0,add1,0,add2,0
remove2,0,remove1,0,add1,0,add2,0
remove2,0,remove1,0,add1,0,add2,0
remove2,0,remove1,0,add1,0,add2,0
remove2,0,remove1,0,add1,0,add2,0
remove2,0,remove1,0,add1,0,add2,0
remove2,0,remove1,0,add1,0,add2,0
remove2,0,remove1,0,add1,0,add2,0
remove2,0,remove1,0,add1,0,add2,0
remove2,0,remove1,0,add1,0,add2,0
remove2,0,remove1,0,add1,0,add2,0
remove2,0,remove1,0,add1,0,add2,0
remove2,0,remove1,0,add1,0,add2,0
remove2,0,remove1,0,add1,0,add2,0
remove2,0,remove1,0,add1,0,add2,0
remove2,0,remove1,0,add1,0,add2,0
remove2,0,remove1,0,add1,0,add2,0
remove2,0,remove1,0,add1,0,add2,0
remove2,0,remove1,0,add1,0,add2,0
remove2,0,remove1,0,add1,0,add2,0
remove2,0,remove1,0,add1,0,add2,0
remove2,0,remove1,0,add1,0,add2,0
remove2,0,remove1,0,add1,0,add2,0
remove2,0,remove1,0,add1,0,add2,0
remove2,0,remove1,0,add1,0,add2,0
remove2,0,remove1,0,add1,0,add2,0
remove2,0,remove1,0,add1,0,add2,0
remove2,0,remove1,0,add1,0,add2,0
remove2,0,remove1,0,add1,0,add2,0
remove2,0,remove1,0,add1,0,add2,0
remove2,0,remove1,0,add1,0,add2,0
remove2,0,remove1,0,add1,0,add2,0
remove2,0,remove1,0,add1,0,add2,0
remove2,0,remove1,0,add1,0,add2,0
remove2,0,remove1,0,add1,0,add2,0
remove2,0,remove1,0,add1,0,add2,0
remove2,0,remove1,0,add1,0,add2,0
remove2,0,remove1,0,add1,0,add2,0
remove2,0,remove1,0,add1,0,add2,0
remove2,0,remove1,0,add1,0,add2,0
remove2,0,remove1,0,add1,0,add2,0
remove2,0,remove1,0,add1,0,add2,0
remove2,0,remove1,0,add1,0,add2,0
remove2,0,remove1,0,add1,0,add2,0
remove2,0,remove1,0,add1,0,add2,0
remove2,0,remove1,0,add1,0,add2,0
remove2,0,remove1,0,add1,0,add2,0
remove2,0,remove1,0,add1,0,add2,0
remove2,0,remove1,0,add1,0,add2,0
remove2,0,remove1,0,add1,0,add2,0
remove2,0,remove1,0,add1,0,add2,0
remove2,0,remove1,0,add1,0,add2,0
remove2,0,remove1,0,add1,0,add2,0
remove2,0,remove1,0,add1,0,add2,0
remove2,0,remove1,0,add1,0,add2,0
remove2,0,remove1,0,add1,0,add2,0
remove2,0,remove1,0,add1,0,add2,0
remove2,0,remove1,0,add1,0,add2,0
remove2,0,remove1,0,add1,0,add2,0
remove2,0,remove1,0,add1,0,add2,0
remove2,0,remove1,0,add1,0,add2,0
remove2,0,remove1,0,add1,0,add2,0
remove2,0,remove1,0,add1,0,add2,1
remove2,0,remove1,0,add1,0,add2,0
remove2,0,remove1,0,add1,0,add2,0
remove2,0,remove1,0,add1,0,add2,0
remove2,0,remove1,0,add1,0,add2,0
remove2,0,remove1,0,add1,0,add2,0
remove2,0,remove1,0,add1,0,add2,0
remove2,0,remove1,0,add1,0,add2,0
remove2,0,remove1,0,add1,0,add2,0
remove2,0,remove1,0,add1,0,add2,0
remove2,0,remove1,0,add1,0,add2,0
remove2,0,remove1,0,add1,0,add2,0
remove2,0,remove1,0,add1,0,add2,0
remove2,0,remove1,0,add1,0,add2,0
remove2,0,remove1,0,add1,0,add2,0
remove2,0,remove1,0,add1,0,add2,0
remove2,0,remove1,0,add1,0,add2,0
remove2,0,remove1,0,add1,0,add2,0
remove2,0,remove1,0,add1,0,add2,0
remove2,0,remove1,0,add1,0,add2,0
remove2,0,remove1,0,add1,0,add2,0
remove2,0,remove1,0,add1,0,add2,0
remove2,0,remove1,0,add1,0,add2,0
remove2,0,remove1,0,add1,0,add2,0
remove2,0,remove1,0,add1,0,add2,0
remove2,0,remove1,0,add1,0,add2,0
remove2,0,remove1,0,add1,0,add2,0
remove2,0,remove1,0,add1,0,add2,0
remove2,0,remove1,0,add1,0,add2,0
remove2,0,remove1,0,add1,0,add2,0
remove2,0,remove1,0,add1,0,add2,0
remove2,0,remove1,0,add1,0,add2,0
remove2,1,remove1,0,add1,0,add2,0
remove2,0,remove1,0,add1,0,add2,0
remove2,0,remove1,0,add1,0,add2,0
remove2,0,remove1,0,add1,0,add2,0
remove2,0,remove1,0,add1,0,add2,0
remove2,0,remove1,0,add1,0,add2,0
remove2,0,remove1,0,add1,0,add2,0
remove2,0,remove1,0,add1,0,add2,0
remove2,0,remove1,0,add1,0,add2,0
remove2,0,remove1,0,add1,0,add2,0
remove2,0,remove1,0,add1,0,add2,0
remove2,0,remove1,0,add1,0,add2,0
remove2,0,remove1,0,add1,0,add2,0
remove2,0,remove1,0,add1,0,add2,0
remove2,0,remove1,0,add1,0,add2,0
remove2,0,remove1,0,add1,0,add2,0
remove2,0,remove1,0,add1,0,add2,0
remove2,0,remove1,0,add1,0,add2,0
remove2,0,remove1,0,add1,0,add2,0
remove2,0,remove1,0,add1,0,add2,0
remove2,0,remove1,0,add1,0,add2,0
remove2,0,remove1,0,add1,0,add2,0
remove2,0,remove1,0,add1,0,add2,0
remove2,0,remove1,0,add1,0,add2,0
remove2,0,remove1,0,add1,0,add2,0
remove2,0,remove1,0,add1,0,add2,0
remove2,0,remove1,0,add1,0,add2,0
remove2,0,remove1,0,add1,0,add2,0
remove2,0,remove1,0,add1,0,add2,0
remove2,0,remove1,0,add1,0,add2,0
remove2,0,remove1,0,add1,0,add2,0
remove2,0,remove1,0,add1,0,add2,0
remove2,0,remove1,0,add1,0,add2,0
remove2,0,remove1,0,add1,0,add2,0
remove2,0,remove1,0,add1,0,add2,0
remove2,0,remove1,0,add1,0,add2,0
remove2,0,remove1,0,add1,0,add2,0
remove2,0,remove1,0,add1,0,add2,0
remove2,0,remove1,0,add1,0,add2,0
remove2,0,remove1,0,add1,0,add2,0
remove2,0,remove1,0,add1,0,add2,0
remove2,0,remove1,0,add1,0,add2,0
remove2,0,remove1,0,add1,0,add2,0
remove2,0,remove1,0,add1,0,add2,0
remove2,0,remove1,0,add1,0,add2,0
remove2,0,remove1,0,add1,0,add2,0