VS,0,VSP,0
VS,0,VSP,0
VS,0,VSP,0
VS,0,VSP,0
VS,0,VSP,0
VS,1,VSP,0
VS,0,VSP,0
VS,0,VSP,0
VS,0,VSP,0
VS,0,VSP,0
VS,0,VSP,0
VS,0,VSP,0
VS,0,VSP,0
VS,0,VSP,0
VS,0,VSP,0
VS,0,VSP,0
VS,0,VSP,0
VS,0,VSP,0
VS,0,VSP,0
VS,0,VSP,0
VS,0,VSP,0
VS,0,VSP,0
VS,0,VSP,0
VS,0,VSP,0
VS,0,VSP,0
VS,0,VSP,0
VS,0,VSP,0
VS,0,VSP,0
VS,0,VSP,0
VS,0,VSP,0
VS,0,VSP,0
VS,0,VSP,0
VS,0,VSP,0
VS,0,VSP,0
VS,0,VSP,0
VS,0,VSP,0
VS,0,VSP,0
VS,0,VSP,0
VS,0,VSP,0
VS,0,VSP,0
VS,0,VSP,0
VS,0,VSP,0
VS,0,VSP,0
VS,0,VSP,0
VS,0,VSP,0
VS,0,VSP,0
VS,0,VSP,0
VS,0,VSP,0
VS,0,VSP,0
VS,0,VSP,0
VS,0,VSP,0
VS,0,VSP,0
VS,0,VSP,0
VS,0,VSP,0
VS,0,VSP,0
VS,0,VSP,0
VS,0,VSP,0
VS,0,VSP,0
VS,0,VSP,0
VS,0,VSP,0
VS,0,VSP,0
VS,0,VSP,0
VS,0,VSP,0
VS,0,VSP,0
VS,0,VSP,0
VS,0,VSP,0
VS,0,VSP,0
VS,0,VSP,0
VS,0,VSP,0
VS,0,VSP,0
VS,0,VSP,0
VS,0,VSP,0
VS,0,VSP,0
VS,0,VSP,0
VS,0,VSP,0
VS,0,VSP,0
VS,0,VSP,0
VS,0,VSP,0
VS,0,VSP,0
VS,0,VSP,0
VS,0,VSP,0
VS,0,VSP,0
VS,0,VSP,0
VS,0,VSP,0
VS,0,VSP,0
VS,0,VSP,0
VS,0,VSP,0
VS,0,VSP,0
VS,0,VSP,0
VS,0,VSP,0
VS,0,VSP,0
VS,0,VSP,0
VS,0,VSP,0
VS,0,VSP,0
VS,0,VSP,0
VS,0,VSP,0
VS,0,VSP,0
VS,0,VSP,0
VS,0,VSP,0
VS,0,VSP,0
VS,0,VSP,0
VS,0,VSP,0
VS,0,VSP,0
VS,0,VSP,0
VS,0,VSP,0
VS,0,VSP,0
VS,0,VSP,0
VS,0,VSP,0
VS,0,VSP,0
VS,0,VSP,0
VS,0,VSP,0
VS,0,VSP,0
VS,0,VSP,0
VS,0,VSP,0
VS,0,VSP,0
VS,0,VSP,0
VS,0,VSP,0
VS,0,VSP,0
VS,0,VSP,0
VS,0,VSP,0
VS,0,VSP,0
VS,0,VSP,0
VS,0,VSP,0
VS,0,VSP,0
VS,0,VSP,0
VS,0,VSP,0
VS,0,VSP,0
VS,0,VSP,0
VS,0,VSP,0
VS,0,VSP,0
VS,0,VSP,0
VS,0,VSP,0
VS,0,VSP,0
VS,0,VSP,0
VS,0,VSP,0
VS,0,VSP,0
VS,0,VSP,0
VS,0,VSP,0
VS,0,VSP,0
VS,0,VSP,0
VS,0,VSP,0
VS,0,VSP,0
VS,0,VSP,0
VS,0,VSP,0
VS,0,VSP,0
VS,0,VSP,0
VS,0,VSP,0
VS,0,VSP,0
VS,0,VSP,0
VS,0,VSP,0
VS,0,VSP,0
VS,0,VSP,0
VS,0,VSP,0
VS,0,VSP,0
VS,0,VSP,0
VS,0,VSP,0
VS,0,VSP,0
VS,0,VSP,0
VS,0,VSP,0
VS,0,VSP,0
VS,0,VSP,0
VS,0,VSP,0
VS,0,VSP,0
VS,0,VSP,0
VS,0,VSP,0
VS,0,VSP,0
VS,0,VSP,0
VS,0,VSP,0
VS,0,VSP,0
VS,0,VSP,0
VS,0,VSP,0
VS,0,VSP,0
VS,0,VSP,0
VS,0,VSP,0
VS,0,VSP,0
VS,0,VSP,0
VS,0,VSP,0
VS,0,VSP,0
VS,0,VSP,0
VS,0,VSP,0
VS,0,VSP,0
VS,0,VSP,0
VS,0,VSP,0
VS,0,VSP,0
VS,0,VSP,0
VS,0,VSP,0
VS,0,VSP,0
VS,0,VSP,0
VS,0,VSP,0
VS,0,VSP,0
VS,0,VSP,0
VS,0,VSP,0
VS,0,VSP,0
VS,0,VSP,0
VS,0,VSP,0
VS,0,VSP,0
VS,0,VSP,0
VS,0,VSP,0
VS,0,VSP,0
VS,0,VSP,0
VS,0,VSP,0
VS,0,VSP,0
VS,0,VSP,0
VS,0,VSP,0
VS,0,VSP,0
VS,0,VSP,0
VS,0,VSP,0
VS,0,VSP,0
VS,0,VSP,0
VS,0,VSP,0
VS,0,VSP,0
VS,0,VSP,0
VS,0,VSP,0
VS,0,VSP,0
VS,0,VSP,0
VS,0,VSP,0
VS,0,VSP,0
VS,0,VSP,0
VS,0,VSP,0
VS,0,VSP,0
VS,0,VSP,0
VS,0,VSP,0
VS,0,VSP,0
VS,0,VSP,0
VS,0,VSP,0
VS,0,VSP,0
VS,0,VSP,0
VS,0,VSP,0
VS,0,VSP,0
VS,0,VSP,0
VS,0,VSP,0
VS,0,VSP,0
VS,0,VSP,0
VS,0,VSP,0
VS,0,VSP,0
VS,0,VSP,0
VS,0,VSP,0
VS,0,VSP,0
VS,0,VSP,0
VS,0,VSP,0
VS,0,VSP,0
VS,0,VSP,0
VS,0,VSP,0
VS,0,VSP,0
VS,0,VSP,0
VS,0,VSP,0
VS,0,VSP,0
VS,0,VSP,0
VS,0,VSP,0
VS,0,VSP,0
VS,0,VSP,0
VS,0,VSP,0
VS,0,VSP,0
VS,0,VSP,0
VS,0,VSP,0
VS,0,VSP,0
VS,0,VSP,0
VS,0,VSP,0
VS,0,VSP,0
VS,0,VSP,0
VS,0,VSP,0
VS,0,VSP,0
VS,0,VSP,0
VS,0,VSP,0
VS,0,VSP,0
VS,0,VSP,0
VS,0,VSP,0
VS,0,VSP,0
VS,0,VSP,0
VS,0,VSP,0
VS,0,VSP,0
VS,0,VSP,0
VS,0,VSP,0
VS,0,VSP,0
VS,0,VSP,0
VS,0,VSP,0
VS,0,VSP,0
VS,0,VSP,0
VS,0,VSP,0
VS,0,VSP,0
VS,0,VSP,0
VS,0,VSP,0
VS,0,VSP,0
VS,0,VSP,0
VS,0,VSP,0
VS,0,VSP,0
VS,0,VSP,0
VS,0,VSP,0
VS,0,VSP,0
VS,0,VSP,0
VS,0,VSP,0
VS,0,VSP,0
VS,0,VSP,0
VS,0,VSP,0
VS,0,VSP,0
VS,0,VSP,0
VS,0,VSP,0
VS,0,VSP,0
VS,0,VSP,0
VS,0,VSP,0
VS,0,VSP,0
VS,0,VSP,0
VS,0,VSP,0
VS,0,VSP,0
VS,0,VSP,0
VS,0,VSP,0
VS,0,VSP,0
VS,0,VSP,0
VS,0,VSP,0
VS,0,VSP,0
VS,0,VSP,0
VS,0,VSP,0
VS,0,VSP,0
VS,0,VSP,0
VS,0,VSP,0
VS,0,VSP,0
VS,0,VSP,0
VS,0,VSP,0
VS,0,VSP,0
VS,0,VSP,0
VS,0,VSP,0
VS,0,VSP,0
VS,0,VSP,0
VS,0,VSP,0
VS,0,VSP,0
VS,0,VSP,0
VS,0,VSP,0
VS,0,VSP,0
VS,0,VSP,0
VS,0,VSP,0
VS,0,VSP,0
VS,0,VSP,0
VS,0,VSP,0
VS,0,VSP,0
VS,0,VSP,0
VS,0,VSP,0
VS,0,VSP,0
VS,0,VSP,0
VS,0,VSP,0
VS,0,VSP,0
VS,0,VSP,0
VS,0,VSP,0
VS,0,VSP,0
VS,0,VSP,0
VS,0,VSP,0
VS,0,VSP,0
VS,0,VSP,0
VS,0,VSP,0
VS,0,VSP,0
VS,0,VSP,0
VS,0,VSP,0
VS,0,VSP,0
VS,0,VSP,0
VS,0,VSP,0
VS,0,VSP,0
VS,0,VSP,0
VS,0,VSP,0
VS,0,VSP,0
VS,0,VSP,0
VS,0,VSP,0
VS,0,VSP,0
VS,0,VSP,0
VS,0,VSP,0
VS,0,VSP,0
VS,0,VSP,0
VS,0,VSP,0
VS,0,VSP,0
VS,0,VSP,0
VS,0,VSP,0
VS,0,VSP,0
VS,0,VSP,0
VS,0,VSP,0
VS,0,VSP,0
VS,0,VSP,0
VS,0,VSP,0
VS,0,VSP,0
VS,0,VSP,0
VS,0,VSP,0
VS,0,VSP,0
VS,0,VSP,0
VS,0,VSP,0
VS,0,VSP,0
VS,0,VSP,0
VS,0,VSP,0
VS,0,VSP,0
VS,0,VSP,0
VS,0,VSP,0
VS,0,VSP,0
VS,0,VSP,0
VS,0,VSP,0
VS,0,VSP,0
VS,0,VSP,0
VS,0,VSP,0
VS,0,VSP,0
VS,0,VSP,0
VS,0,VSP,0
VS,0,VSP,0
VS,0,VSP,0
VS,0,VSP,0
VS,0,VSP,0
VS,0,VSP,0
VS,0,VSP,0
VS,0,VSP,0
VS,0,VSP,0
VS,0,VSP,0
VS,0,VSP,0
VS,0,VSP,0
VS,0,VSP,0
VS,0,VSP,0
VS,0,VSP,0
VS,0,VSP,0
VS,0,VSP,0
VS,0,VSP,0
VS,0,VSP,0
VS,0,VSP,0
VS,0,VSP,0
VS,0,VSP,0
VS,0,VSP,0
VS,0,VSP,0
VS,0,VSP,0
VS,0,VSP,0
VS,0,VSP,0
VS,0,VSP,0
VS,0,VSP,0
VS,0,VSP,0
VS,0,VSP,0
VS,0,VSP,0
VS,0,VSP,0
VS,0,VSP,0
VS,0,VSP,0
VS,0,VSP,0
VS,0,VSP,0
VS,0,VSP,0
VS,0,VSP,0
VS,0,VSP,0
VS,0,VSP,0
VS,0,VSP,0
VS,0,VSP,0
VS,0,VSP,0
VS,0,VSP,0
VS,0,VSP,0
VS,0,VSP,0
VS,0,VSP,0
VS,0,VSP,0
VS,0,VSP,0
VS,0,VSP,0
VS,0,VSP,0
VS,0,VSP,0
VS,0,VSP,0
VS,0,VSP,0
VS,0,VSP,0
VS,0,VSP,0
VS,0,VSP,0
VS,0,VSP,0
VS,0,VSP,0
VS,0,VSP,0
VS,0,VSP,0
VS,0,VSP,0
VS,0,VSP,0
VS,0,VSP,0
VS,0,VSP,0
VS,0,VSP,0
VS,0,VSP,0
VS,0,VSP,0
VS,0,VSP,0
VS,0,VSP,0
VS,0,VSP,0
VS,0,VSP,0
VS,0,VSP,0
VS,0,VSP,0
VS,0,VSP,0
VS,0,VSP,0
VS,0,VSP,0
VS,0,VSP,0
VS,0,VSP,0
VS,0,VSP,0
VS,0,VSP,0
VS,0,VSP,0
VS,0,VSP,0
VS,0,VSP,0
VS,0,VSP,0
VS,0,VSP,0
VS,0,VSP,0
VS,0,VSP,0
VS,0,VSP,0
VS,0,VSP,0
VS,0,VSP,0
VS,0,VSP,0
VS,0,VSP,0
VS,0,VSP,0
VS,0,VSP,0
VS,0,VSP,0
VS,0,VSP,0
VS,0,VSP,0
VS,0,VSP,0
VS,0,VSP,0
VS,0,VSP,0
VS,0,VSP,0
VS,0,VSP,0
VS,0,VSP,0
VS,0,VSP,0
VS,0,VSP,0
VS,0,VSP,0
VS,0,VSP,0
VS,0,VSP,0
VS,0,VSP,0
VS,0,VSP,0
VS,0,VSP,0
VS,0,VSP,0
VS,0,VSP,0
VS,0,VSP,0
VS,0,VSP,0
VS,0,VSP,0
VS,0,VSP,0
VS,0,VSP,0
VS,0,VSP,0
VS,0,VSP,0
VS,0,VSP,0
VS,0,VSP,0
VS,0,VSP,0
VS,0,VSP,0
VS,0,VSP,0
VS,0,VSP,0
VS,0,VSP,0
VS,0,VSP,0
VS,0,VSP,0
VS,0,VSP,0
VS,0,VSP,0
VS,0,VSP,0
VS,0,VSP,0
VS,0,VSP,0
VS,0,VSP,0
VS,0,VSP,0
VS,0,VSP,0
VS,0,VSP,0
VS,0,VSP,0
VS,0,VSP,0
VS,0,VSP,0
VS,0,VSP,0
VS,0,VSP,0
VS,0,VSP,0
VS,0,VSP,0
VS,0,VSP,0
VS,0,VSP,0
VS,0,VSP,0
VS,0,VSP,0
VS,0,VSP,0
VS,0,VSP,0
VS,0,VSP,0
VS,0,VSP,0
VS,0,VSP,0
VS,0,VSP,0
VS,0,VSP,0
VS,0,VSP,0
VS,0,VSP,0
VS,0,VSP,0
VS,0,VSP,0
VS,0,VSP,0
VS,0,VSP,0
VS,0,VSP,0
VS,0,VSP,0
VS,0,VSP,0
VS,0,VSP,0
VS,0,VSP,0
VS,0,VSP,0
VS,0,VSP,0
VS,0,VSP,0
VS,0,VSP,0
VS,0,VSP,0
VS,0,VSP,0
VS,0,VSP,0
VS,0,VSP,0
VS,0,VSP,0
VS,0,VSP,0
VS,0,VSP,0
VS,0,VSP,0
VS,0,VSP,0
VS,0,VSP,0
VS,0,VSP,0
VS,0,VSP,0
VS,0,VSP,0
VS,0,VSP,0
VS,0,VSP,0
VS,0,VSP,0
VS,0,VSP,0
VS,0,VSP,0
VS,0,VSP,0
VS,0,VSP,0
VS,0,VSP,0
VS,0,VSP,0
VS,0,VSP,0
VS,0,VSP,0
VS,0,VSP,0
VS,0,VSP,0
VS,0,VSP,0
VS,0,VSP,0
VS,0,VSP,0
VS,0,VSP,0
VS,0,VSP,0
VS,0,VSP,0
VS,0,VSP,0
VS,0,VSP,0
VS,0,VSP,0
VS,0,VSP,0
VS,0,VSP,0
VS,0,VSP,0
VS,0,VSP,0
VS,0,VSP,0
VS,0,VSP,0
VS,0,VSP,0
VS,0,VSP,0
VS,0,VSP,0
VS,0,VSP,0
VS,0,VSP,0
VS,0,VSP,0
VS,0,VSP,0
VS,0,VSP,0
VS,0,VSP,0
VS,0,VSP,0
VS,0,VSP,0
VS,0,VSP,0
VS,0,VSP,0
VS,0,VSP,0
VS,0,VSP,0
VS,0,VSP,0
VS,0,VSP,0
VS,0,VSP,0
VS,0,VSP,0
VS,0,VSP,0
VS,0,VSP,0
VS,0,VSP,0
VS,0,VSP,0
VS,0,VSP,0
VS,0,VSP,0
VS,0,VSP,0
VS,0,VSP,0
VS,0,VSP,0
VS,0,VSP,0
VS,0,VSP,0
VS,0,VSP,0
VS,0,VSP,0
VS,0,VSP,0
VS,0,VSP,0
VS,0,VSP,0
VS,0,VSP,0
VS,0,VSP,0
VS,0,VSP,0
VS,0,VSP,0
VS,0,VSP,0
VS,0,VSP,0
VS,0,VSP,0
VS,0,VSP,0
VS,0,VSP,0
VS,0,VSP,0
VS,0,VSP,0
VS,0,VSP,0
VS,0,VSP,0
VS,0,VSP,0
VS,0,VSP,0
VS,0,VSP,0
VS,0,VSP,0
VS,0,VSP,0
VS,0,VSP,0
VS,0,VSP,0
VS,0,VSP,0
VS,0,VSP,0
VS,0,VSP,0
VS,0,VSP,0
VS,0,VSP,0
VS,0,VSP,0
VS,0,VSP,0
VS,0,VSP,0
VS,0,VSP,0
VS,0,VSP,0
VS,0,VSP,0
VS,0,VSP,0
VS,0,VSP,0
VS,0,VSP,0
VS,0,VSP,0
VS,0,VSP,0
VS,0,VSP,0
VS,0,VSP,0
VS,0,VSP,0
VS,0,VSP,0
VS,0,VSP,0
VS,0,VSP,0
VS,0,VSP,0
VS,0,VSP,0
VS,0,VSP,0
VS,0,VSP,0
VS,0,VSP,0
VS,0,VSP,0
VS,0,VSP,0
VS,0,VSP,0
VS,0,VSP,0
VS,0,VSP,0
VS,0,VSP,0
VS,0,VSP,0
VS,0,VSP,0
VS,0,VSP,0
VS,0,VSP,0
VS,0,VSP,0
VS,0,VSP,0
VS,0,VSP,0
VS,0,VSP,0
VS,0,VSP,0
VS,0,VSP,0
VS,0,VSP,0
VS,0,VSP,0
VS,0,VSP,0
VS,0,VSP,0
VS,0,VSP,0
VS,0,VSP,0
VS,0,VSP,0
VS,0,VSP,0
VS,0,VSP,0
VS,0,VSP,0
VS,0,VSP,0
VS,0,VSP,0
VS,0,VSP,0
VS,0,VSP,0
VS,0,VSP,0
VS,0,VSP,0
VS,0,VSP,0
VS,0,VSP,0
VS,0,VSP,0
VS,0,VSP,0
VS,0,VSP,0
VS,0,VSP,0
VS,0,VSP,0
VS,0,VSP,0
VS,0,VSP,0
VS,0,VSP,0
VS,0,VSP,0
VS,0,VSP,0
VS,0,VSP,0
VS,0,VSP,0
VS,0,VSP,0
VS,0,VSP,0
VS,0,VSP,0
VS,0,VSP,0
VS,0,VSP,0
VS,0,VSP,0
VS,0,VSP,0
VS,0,VSP,0
VS,0,VSP,0
VS,0,VSP,0
VS,0,VSP,0
VS,0,VSP,0
VS,0,VSP,0
VS,0,VSP,0
VS,0,VSP,0
VS,0,VSP,0
VS,0,VSP,0
VS,0,VSP,0
VS,0,VSP,0
VS,0,VSP,0
VS,0,VSP,0
VS,0,VSP,0
VS,0,VSP,0
VS,0,VSP,0
VS,0,VSP,0
VS,0,VSP,0
VS,0,VSP,0
VS,0,VSP,0
VS,0,VSP,0
VS,0,VSP,0
VS,0,VSP,0
VS,0,VSP,0
VS,0,VSP,0
VS,0,VSP,0
VS,0,VSP,0
VS,0,VSP,0
VS,0,VSP,0
VS,0,VSP,0
VS,0,VSP,0
VS,0,VSP,0
VS,0,VSP,0
VS,0,VSP,0
VS,0,VSP,0
VS,0,VSP,0
VS,0,VSP,0
VS,0,VSP,0
VS,0,VSP,0
VS,0,VSP,0
VS,0,VSP,0
VS,0,VSP,0
VS,0,VSP,0
VS,0,VSP,0
VS,0,VSP,0
VS,0,VSP,0
VS,0,VSP,0
VS,0,VSP,0
VS,0,VSP,0
VS,0,VSP,0
VS,0,VSP,0
VS,0,VSP,0
VS,0,VSP,0
VS,0,VSP,0
VS,0,VSP,0
VS,0,VSP,0
VS,0,VSP,0
VS,0,VSP,0
VS,0,VSP,0
VS,0,VSP,0
VS,0,VSP,0
VS,0,VSP,0
VS,0,VSP,0
VS,0,VSP,0
VS,0,VSP,0
VS,0,VSP,0
VS,0,VSP,0
VS,0,VSP,0
VS,0,VSP,0
VS,0,VSP,0
VS,0,VSP,0
VS,0,VSP,0
VS,0,VSP,0
VS,0,VSP,0
VS,0,VSP,0
VS,0,VSP,0
VS,0,VSP,0
VS,0,VSP,0
VS,0,VSP,0
VS,0,VSP,0
VS,0,VSP,0
VS,0,VSP,0
VS,0,VSP,0
VS,0,VSP,0
VS,0,VSP,0
VS,0,VSP,0
VS,0,VSP,0
VS,0,VSP,0
VS,0,VSP,0
VS,0,VSP,0
VS,0,VSP,0
VS,0,VSP,0
VS,0,VSP,0
VS,0,VSP,0
VS,0,VSP,0
VS,0,VSP,0
VS,0,VSP,0
VS,0,VSP,0
VS,0,VSP,0
VS,0,VSP,0
VS,0,VSP,0
VS,0,VSP,0
VS,0,VSP,0
VS,0,VSP,0
VS,0,VSP,0
VS,0,VSP,0
VS,0,VSP,0
VS,0,VSP,0
VS,0,VSP,0
VS,0,VSP,0
VS,0,VSP,0
VS,0,VSP,0
VS,0,VSP,0
VS,0,VSP,0
VS,0,VSP,0
VS,0,VSP,0
VS,0,VSP,0
VS,0,VSP,0
VS,0,VSP,0
VS,0,VSP,0
VS,0,VSP,0
VS,0,VSP,0
VS,0,VSP,0
VS,0,VSP,0
VS,0,VSP,0
VS,0,VSP,0
VS,0,VSP,0
VS,0,VSP,0
VS,0,VSP,0
VS,0,VSP,0
VS,0,VSP,0
VS,0,VSP,0
VS,0,VSP,0
VS,0,VSP,0
VS,0,VSP,0
VS,0,VSP,0
VS,0,VSP,0
VS,0,VSP,0
VS,0,VSP,0
VS,0,VSP,0
VS,0,VSP,0
VS,0,VSP,0
VS,0,VSP,0
VS,0,VSP,0
VS,0,VSP,0
VS,0,VSP,0
VS,0,VSP,0
VS,0,VSP,0
VS,0,VSP,0
VS,0,VSP,0
VS,0,VSP,0
VS,0,VSP,0
VS,0,VSP,0
VS,0,VSP,0
VS,0,VSP,0
VS,0,VSP,0
VS,0,VSP,0
VS,0,VSP,0
VS,0,VSP,0
VS,0,VSP,0
VS,0,VSP,0
VS,0,VSP,0
VS,0,VSP,0
VS,0,VSP,0
VS,0,VSP,0
VS,0,VSP,0
VS,0,VSP,0
VS,0,VSP,0
VS,0,VSP,0
VS,0,VSP,0
VS,0,VSP,0
VS,0,VSP,0
VS,0,VSP,0
VS,0,VSP,0
VS,0,VSP,0
VS,0,VSP,0
VS,0,VSP,0
VS,0,VSP,0
VS,0,VSP,0
VS,0,VSP,0
VS,0,VSP,0
VS,0,VSP,0
VS,0,VSP,0
VS,0,VSP,0
VS,0,VSP,0
VS,0,VSP,0
VS,0,VSP,0
VS,0,VSP,0
VS,0,VSP,0
VS,0,VSP,0
VS,0,VSP,0
VS,0,VSP,0
VS,0,VSP,0
VS,0,VSP,0
VS,0,VSP,0
VS,0,VSP,0
VS,0,VSP,0
VS,0,VSP,0
VS,0,VSP,0
VS,0,VSP,0
VS,0,VSP,0
VS,0,VSP,0
VS,0,VSP,0
VS,0,VSP,0
VS,0,VSP,0
VS,0,VSP,0
VS,0,VSP,0
VS,0,VSP,0
VS,0,VSP,0
VS,0,VSP,0
VS,0,VSP,0
VS,0,VSP,0
VS,0,VSP,0
VS,0,VSP,0
VS,0,VSP,0
VS,0,VSP,0
VS,0,VSP,0
VS,0,VSP,0
VS,0,VSP,0
VS,0,VSP,0
VS,0,VSP,0
VS,0,VSP,0
VS,0,VSP,0
VS,0,VSP,0
VS,0,VSP,0
VS,0,VSP,0
VS,0,VSP,0
VS,0,VSP,0
VS,0,VSP,0
VS,0,VSP,0
VS,0,VSP,0
VS,0,VSP,0
VS,0,VSP,0
VS,0,VSP,0
VS,0,VSP,0
VS,0,VSP,0
VS,0,VSP,0
VS,0,VSP,0
VS,0,VSP,0
VS,0,VSP,0
VS,0,VSP,0
VS,0,VSP,0
VS,0,VSP,0
VS,0,VSP,0
VS,0,VSP,0
VS,0,VSP,0
VS,0,VSP,0
VS,0,VSP,0
VS,0,VSP,0
VS,0,VSP,0
VS,0,VSP,0
VS,0,VSP,0
VS,0,VSP,0
VS,0,VSP,0
VS,0,VSP,0
VS,0,VSP,0
VS,0,VSP,0
VS,0,VSP,0
VS,0,VSP,0
VS,0,VSP,0
VS,0,VSP,0
VS,0,VSP,0
VS,0,VSP,0
VS,0,VSP,0
VS,0,VSP,0
VS,0,VSP,0
VS,0,VSP,0
VS,0,VSP,0
VS,0,VSP,0
VS,0,VSP,0
VS,0,VSP,0
VS,0,VSP,0
VS,0,VSP,0
VS,0,VSP,0
VS,0,VSP,0
VS,0,VSP,0
VS,0,VSP,0
VS,0,VSP,0
VS,0,VSP,0
VS,0,VSP,0
VS,0,VSP,0
VS,0,VSP,0
VS,0,VSP,0
VS,0,VSP,0
VS,0,VSP,0
VS,0,VSP,0
VS,0,VSP,0
VS,0,VSP,0
VS,0,VSP,0
VS,0,VSP,0
VS,0,VSP,0
VS,0,VSP,0
VS,0,VSP,0
VS,0,VSP,0
VS,0,VSP,0
VS,0,VSP,0
VS,0,VSP,0
VS,0,VSP,0
VS,0,VSP,0
VS,0,VSP,0
VS,0,VSP,0
VS,0,VSP,0
VS,0,VSP,0
VS,0,VSP,0
VS,0,VSP,0
VS,0,VSP,0
VS,0,VSP,0
VS,0,VSP,0
VS,0,VSP,0
VS,0,VSP,0
VS,0,VSP,0
VS,0,VSP,0
VS,0,VSP,0
VS,0,VSP,0
VS,0,VSP,0
VS,0,VSP,0
VS,0,VSP,0
VS,0,VSP,0
VS,0,VSP,0
VS,0,VSP,0
VS,0,VSP,0
VS,0,VSP,0
VS,0,VSP,0
VS,0,VSP,0
VS,0,VSP,0
VS,0,VSP,0
VS,0,VSP,0
VS,0,VSP,0
VS,0,VSP,0
VS,0,VSP,0
VS,0,VSP,0
VS,0,VSP,0
VS,0,VSP,0
VS,0,VSP,0
VS,0,VSP,0
VS,0,VSP,0
VS,0,VSP,0
VS,0,VSP,0
VS,0,VSP,0
VS,0,VSP,0
VS,0,VSP,0
VS,0,VSP,0
VS,0,VSP,0
VS,0,VSP,0
VS,0,VSP,0
VS,0,VSP,0
VS,0,VSP,0
VS,0,VSP,0
VS,0,VSP,0
VS,0,VSP,0
VS,0,VSP,0
VS,0,VSP,0
VS,0,VSP,0
VS,0,VSP,0
VS,0,VSP,0
VS,0,VSP,0
VS,0,VSP,0
VS,0,VSP,0
VS,0,VSP,0
VS,0,VSP,0
VS,0,VSP,0
VS,0,VSP,0
VS,0,VSP,0
VS,0,VSP,0
VS,0,VSP,0
VS,0,VSP,0
VS,0,VSP,0
VS,0,VSP,0
VS,0,VSP,0
VS,0,VSP,0
VS,0,VSP,0
VS,0,VSP,0
VS,0,VSP,0
VS,0,VSP,0
VS,0,VSP,0
VS,0,VSP,0
VS,0,VSP,0
VS,0,VSP,0
VS,0,VSP,0
VS,0,VSP,0
VS,0,VSP,0
VS,0,VSP,0
VS,0,VSP,0
VS,0,VSP,0
VS,0,VSP,0
VS,0,VSP,0
VS,0,VSP,0
VS,0,VSP,0
VS,0,VSP,0
VS,0,VSP,0
VS,0,VSP,0
VS,0,VSP,0
VS,0,VSP,0
VS,0,VSP,0
VS,0,VSP,0
VS,0,VSP,0
VS,0,VSP,0
VS,0,VSP,0
VS,0,VSP,0
VS,0,VSP,0
VS,0,VSP,0
VS,0,VSP,0
VS,0,VSP,0
VS,0,VSP,0
VS,0,VSP,0
VS,0,VSP,0
VS,0,VSP,0
VS,0,VSP,0
VS,0,VSP,0
VS,0,VSP,0
VS,0,VSP,0
VS,0,VSP,0
VS,0,VSP,0
VS,0,VSP,0
VS,0,VSP,0
VS,0,VSP,0
VS,0,VSP,0
VS,0,VSP,0
VS,0,VSP,0
VS,0,VSP,0
VS,0,VSP,0
VS,0,VSP,0
VS,0,VSP,0
VS,0,VSP,0
VS,0,VSP,0
VS,0,VSP,0
VS,0,VSP,0
VS,0,VSP,0
VS,0,VSP,0
VS,0,VSP,0
VS,0,VSP,0
VS,0,VSP,0
VS,0,VSP,0
VS,0,VSP,0
VS,0,VSP,0
VS,0,VSP,0
VS,0,VSP,0
VS,0,VSP,0
VS,0,VSP,0
VS,0,VSP,0
VS,0,VSP,0
VS,0,VSP,0
VS,0,VSP,0
VS,0,VSP,0
VS,0,VSP,0
VS,0,VSP,0
VS,0,VSP,0
VS,0,VSP,0
VS,0,VSP,0
VS,0,VSP,0
VS,0,VSP,0
VS,0,VSP,0
VS,0,VSP,0
VS,0,VSP,0
VS,0,VSP,0
VS,0,VSP,0
VS,0,VSP,0
VS,0,VSP,0
VS,0,VSP,0
VS,0,VSP,0
VS,0,VSP,0
VS,0,VSP,0
VS,0,VSP,0
VS,0,VSP,0
VS,0,VSP,0
VS,0,VSP,0
VS,0,VSP,0
VS,0,VSP,0
VS,0,VSP,0
VS,0,VSP,0
VS,0,VSP,0
VS,0,VSP,0
VS,0,VSP,0
VS,0,VSP,0
VS,0,VSP,0
VS,0,VSP,0
VS,0,VSP,0
VS,0,VSP,0
VS,0,VSP,0
VS,0,VSP,0
VS,0,VSP,0
VS,0,VSP,0
VS,0,VSP,0
VS,0,VSP,0
VS,0,VSP,0
VS,0,VSP,0
VS,0,VSP,0
VS,0,VSP,0
VS,0,VSP,0
VS,0,VSP,0
VS,0,VSP,0
VS,0,VSP,0
VS,0,VSP,0
VS,0,VSP,0
VS,0,VSP,0
VS,0,VSP,0
VS,0,VSP,0
VS,0,VSP,0
VS,0,VSP,0
VS,0,VSP,0
VS,0,VSP,0
VS,0,VSP,0
VS,0,VSP,0
VS,0,VSP,0
VS,0,VSP,0
VS,0,VSP,0
VS,0,VSP,0
VS,0,VSP,0
VS,0,VSP,0
VS,0,VSP,0
VS,0,VSP,0
VS,0,VSP,0
VS,0,VSP,0
VS,0,VSP,0
VS,0,VSP,0
VS,0,VSP,0
VS,0,VSP,0
VS,0,VSP,0
VS,0,VSP,0
VS,0,VSP,0
VS,0,VSP,0
VS,0,VSP,0
VS,0,VSP,0
VS,0,VSP,0
VS,0,VSP,0
VS,0,VSP,0
VS,0,VSP,0
VS,0,VSP,0
VS,0,VSP,0
VS,0,VSP,0
VS,0,VSP,0
VS,0,VSP,0
VS,0,VSP,0
VS,0,VSP,0
VS,0,VSP,0
VS,0,VSP,0
VS,0,VSP,0
VS,0,VSP,0
VS,0,VSP,0
VS,0,VSP,0
VS,0,VSP,0
VS,0,VSP,0
VS,0,VSP,0
VS,0,VSP,0
VS,0,VSP,0
VS,0,VSP,0
VS,0,VSP,0
VS,0,VSP,0
VS,0,VSP,0
VS,0,VSP,0
VS,0,VSP,0
VS,0,VSP,0
VS,0,VSP,0
VS,0,VSP,0
VS,0,VSP,0
VS,0,VSP,0
VS,0,VSP,0
VS,0,VSP,0
VS,0,VSP,0
VS,0,VSP,0
VS,0,VSP,0
VS,0,VSP,0
VS,0,VSP,0
VS,0,VSP,0
VS,0,VSP,0
VS,0,VSP,0
VS,0,VSP,0
VS,0,VSP,0
VS,0,VSP,0
VS,0,VSP,0
VS,0,VSP,0
VS,0,VSP,0
VS,0,VSP,0
VS,0,VSP,0
VS,0,VSP,0
VS,0,VSP,0
VS,0,VSP,0
VS,0,VSP,0
VS,0,VSP,0
VS,0,VSP,0
VS,0,VSP,0
VS,0,VSP,0
VS,0,VSP,0
VS,0,VSP,0
VS,0,VSP,0
VS,0,VSP,0
VS,0,VSP,0
VS,0,VSP,0
VS,0,VSP,0
VS,0,VSP,0
VS,0,VSP,0
VS,0,VSP,0
VS,0,VSP,0
VS,0,VSP,0
VS,0,VSP,0
VS,0,VSP,0
VS,0,VSP,0
VS,0,VSP,0
VS,0,VSP,0
VS,0,VSP,0
VS,0,VSP,0
VS,0,VSP,0
VS,0,VSP,0
VS,0,VSP,0
VS,0,VSP,0
VS,0,VSP,0
VS,0,VSP,0
VS,0,VSP,0
VS,0,VSP,0
VS,0,VSP,0
VS,0,VSP,0
VS,0,VSP,0
VS,0,VSP,0
VS,0,VSP,0
VS,0,VSP,0
VS,0,VSP,0
VS,0,VSP,0
VS,0,VSP,0
VS,0,VSP,0
VS,0,VSP,0
VS,0,VSP,0
VS,0,VSP,0
VS,0,VSP,0
VS,0,VSP,0
VS,0,VSP,0
VS,0,VSP,0
VS,0,VSP,0
VS,0,VSP,0
VS,0,VSP,0
VS,0,VSP,0
VS,0,VSP,0
VS,0,VSP,0
VS,0,VSP,0
VS,0,VSP,0
VS,0,VSP,0
VS,0,VSP,0
VS,0,VSP,0
VS,0,VSP,0
VS,0,VSP,0
VS,0,VSP,0
VS,0,VSP,0
VS,0,VSP,0
VS,0,VSP,0
VS,0,VSP,0
VS,0,VSP,0
VS,0,VSP,0
VS,0,VSP,0
VS,0,VSP,0
VS,0,VSP,0
VS,0,VSP,0
VS,0,VSP,0
VS,0,VSP,0
VS,0,VSP,0
VS,0,VSP,0
VS,0,VSP,0
VS,0,VSP,0
VS,0,VSP,0
VS,0,VSP,0
VS,0,VSP,0
VS,0,VSP,0
VS,0,VSP,0
VS,0,VSP,0
VS,0,VSP,0
VS,0,VSP,0
VS,0,VSP,0
VS,0,VSP,0
VS,0,VSP,0
VS,0,VSP,0
VS,0,VSP,0
VS,0,VSP,0
VS,0,VSP,0
VS,0,VSP,0
VS,0,VSP,0
VS,0,VSP,0
VS,0,VSP,0
VS,0,VSP,0
VS,0,VSP,0
VS,0,VSP,0
VS,0,VSP,0
VS,0,VSP,0
VS,0,VSP,0
VS,0,VSP,0
VS,0,VSP,0
VS,0,VSP,0
VS,0,VSP,0
VS,0,VSP,0
VS,0,VSP,0
VS,0,VSP,0
VS,0,VSP,0
VS,0,VSP,0
VS,0,VSP,0
VS,0,VSP,0
VS,0,VSP,0
VS,0,VSP,0
VS,0,VSP,0
VS,0,VSP,0
VS,0,VSP,0
VS,0,VSP,0
VS,0,VSP,0
VS,0,VSP,0
VS,0,VSP,0
VS,0,VSP,0
VS,0,VSP,0
VS,0,VSP,0
VS,0,VSP,0
VS,0,VSP,0
VS,0,VSP,0
VS,0,VSP,0
VS,0,VSP,0
VS,0,VSP,0
VS,0,VSP,0
VS,0,VSP,0
VS,0,VSP,0
VS,0,VSP,0
VS,0,VSP,0
VS,0,VSP,0
VS,0,VSP,0
VS,0,VSP,0
VS,0,VSP,0
VS,0,VSP,0
VS,0,VSP,0
VS,0,VSP,0
VS,0,VSP,0
VS,0,VSP,0
VS,0,VSP,0
VS,0,VSP,0
VS,0,VSP,0
VS,0,VSP,0
VS,0,VSP,0
VS,0,VSP,0
VS,0,VSP,0
VS,0,VSP,0
VS,0,VSP,0
VS,0,VSP,0
VS,0,VSP,0
VS,0,VSP,0
VS,0,VSP,0
VS,0,VSP,0
VS,0,VSP,0
VS,0,VSP,0
VS,0,VSP,0
VS,0,VSP,0
VS,0,VSP,0
VS,0,VSP,0
VS,0,VSP,0
VS,0,VSP,0
VS,0,VSP,0
VS,0,VSP,0
VS,0,VSP,0
VS,0,VSP,0
VS,0,VSP,0
VS,0,VSP,0
VS,0,VSP,0
VS,0,VSP,0
VS,0,VSP,0
VS,0,VSP,0
VS,0,VSP,0
VS,0,VSP,0
VS,0,VSP,0
VS,0,VSP,0
VS,0,VSP,0
VS,0,VSP,0
VS,0,VSP,0
VS,0,VSP,0
VS,0,VSP,0
VS,0,VSP,0
VS,0,VSP,0
VS,0,VSP,0
VS,0,VSP,0
VS,0,VSP,0
VS,0,VSP,0
VS,0,VSP,0
VS,0,VSP,0
VS,0,VSP,0
VS,0,VSP,0
VS,0,VSP,0
VS,0,VSP,0
VS,0,VSP,0
VS,0,VSP,0
VS,0,VSP,0
VS,0,VSP,0
VS,0,VSP,0
VS,0,VSP,0
VS,0,VSP,0
VS,0,VSP,0
VS,0,VSP,0
VS,0,VSP,0
VS,0,VSP,0
VS,0,VSP,0
VS,0,VSP,0
VS,0,VSP,0
VS,0,VSP,0
VS,0,VSP,0
VS,0,VSP,0
VS,0,VSP,0
VS,0,VSP,0
VS,0,VSP,0
VS,0,VSP,0
VS,0,VSP,0
VS,0,VSP,0
VS,0,VSP,0
VS,0,VSP,0
VS,0,VSP,0
VS,0,VSP,0
VS,0,VSP,0
VS,0,VSP,0
VS,0,VSP,0
VS,0,VSP,0
VS,0,VSP,0
VS,0,VSP,0
VS,0,VSP,0
VS,0,VSP,0
VS,0,VSP,0
VS,0,VSP,0
VS,0,VSP,0
VS,0,VSP,0
VS,0,VSP,0
VS,0,VSP,0
VS,0,VSP,0
VS,0,VSP,0
VS,0,VSP,0
VS,0,VSP,0
VS,0,VSP,0
VS,0,VSP,0
VS,0,VSP,0
VS,0,VSP,0
VS,0,VSP,0
VS,0,VSP,0
VS,0,VSP,0
VS,0,VSP,0
VS,0,VSP,0
VS,0,VSP,0
VS,0,VSP,0
VS,0,VSP,0
VS,0,VSP,0
VS,0,VSP,0
VS,0,VSP,0
VS,0,VSP,0
VS,0,VSP,0
VS,0,VSP,0
VS,0,VSP,0
VS,0,VSP,0
VS,0,VSP,0
VS,0,VSP,0
VS,0,VSP,0
VS,0,VSP,0
VS,0,VSP,0
VS,0,VSP,0
VS,0,VSP,0
VS,0,VSP,0
VS,0,VSP,0
VS,0,VSP,0
VS,0,VSP,0
VS,0,VSP,0
VS,0,VSP,0
VS,0,VSP,0
VS,0,VSP,0
VS,0,VSP,0
VS,0,VSP,0
VS,0,VSP,0
VS,0,VSP,0
VS,0,VSP,0
VS,0,VSP,0
VS,0,VSP,0
VS,0,VSP,0
VS,0,VSP,0
VS,0,VSP,0
VS,0,VSP,0
VS,0,VSP,0
VS,0,VSP,0
VS,0,VSP,0
VS,0,VSP,0
VS,0,VSP,0
VS,0,VSP,0
VS,0,VSP,0
VS,0,VSP,0
VS,0,VSP,0
VS,0,VSP,0
VS,0,VSP,0
VS,0,VSP,0
VS,0,VSP,0
VS,0,VSP,0
VS,0,VSP,0
VS,0,VSP,0
VS,0,VSP,0
VS,0,VSP,0
VS,0,VSP,0
VS,0,VSP,0
VS,0,VSP,0
VS,0,VSP,0
VS,0,VSP,0
VS,0,VSP,0
VS,0,VSP,0
VS,0,VSP,0
VS,0,VSP,0
VS,0,VSP,0
VS,0,VSP,0
VS,0,VSP,0
VS,0,VSP,0
VS,0,VSP,0
VS,0,VSP,0
VS,0,VSP,0
VS,0,VSP,0
VS,0,VSP,0
VS,0,VSP,0
VS,0,VSP,0
VS,0,VSP,0
VS,0,VSP,0
VS,0,VSP,0
VS,0,VSP,0
VS,0,VSP,0
VS,0,VSP,0
VS,0,VSP,0
VS,0,VSP,0
VS,0,VSP,0
VS,0,VSP,0
VS,0,VSP,0
VS,0,VSP,0
VS,0,VSP,0
VS,0,VSP,0
VS,0,VSP,0
VS,0,VSP,0
VS,0,VSP,0
VS,0,VSP,0
VS,0,VSP,0
VS,0,VSP,0
VS,0,VSP,0
VS,0,VSP,0
VS,0,VSP,0
VS,0,VSP,0
VS,0,VSP,0
VS,0,VSP,0
VS,0,VSP,0
VS,0,VSP,0
VS,0,VSP,0
VS,0,VSP,0
VS,0,VSP,0
VS,0,VSP,0
VS,0,VSP,0
VS,0,VSP,0
VS,0,VSP,0
VS,0,VSP,0
VS,0,VSP,0
VS,0,VSP,0
VS,0,VSP,0
VS,0,VSP,0
VS,0,VSP,0
VS,0,VSP,0
VS,0,VSP,0
VS,0,VSP,0
VS,0,VSP,0
VS,0,VSP,0
VS,0,VSP,0
VS,0,VSP,0
VS,0,VSP,0
VS,0,VSP,0
VS,0,VSP,0
VS,0,VSP,0
VS,0,VSP,0
VS,0,VSP,0
VS,0,VSP,0
VS,0,VSP,0
VS,0,VSP,0
VS,0,VSP,0
VS,0,VSP,0
VS,0,VSP,0
VS,0,VSP,0
VS,0,VSP,0
VS,0,VSP,0
VS,0,VSP,0
VS,0,VSP,0
VS,0,VSP,0
VS,0,VSP,0
VS,0,VSP,0
VS,0,VSP,0
VS,0,VSP,0
VS,0,VSP,0
VS,0,VSP,0
VS,0,VSP,0
VS,0,VSP,0
VS,0,VSP,0
VS,0,VSP,0
VS,0,VSP,0
VS,0,VSP,0
VS,0,VSP,0
VS,0,VSP,0
VS,0,VSP,0
VS,0,VSP,0
VS,0,VSP,0
VS,0,VSP,0
VS,0,VSP,0
VS,0,VSP,0
VS,0,VSP,0
VS,0,VSP,0
VS,0,VSP,0
VS,0,VSP,0
VS,0,VSP,0
VS,0,VSP,0
VS,0,VSP,0
VS,0,VSP,0
VS,0,VSP,0
VS,0,VSP,0
VS,0,VSP,0
VS,0,VSP,0
VS,0,VSP,0
VS,0,VSP,0
VS,0,VSP,0
VS,0,VSP,0
VS,0,VSP,0
VS,0,VSP,0
VS,0,VSP,0
VS,0,VSP,0
VS,0,VSP,0
VS,0,VSP,0
VS,0,VSP,0
VS,0,VSP,0
VS,0,VSP,0
VS,0,VSP,0
VS,0,VSP,0
VS,0,VSP,0
VS,0,VSP,0
VS,0,VSP,0
VS,0,VSP,0
VS,0,VSP,0
VS,0,VSP,0
VS,0,VSP,0
VS,0,VSP,0
VS,0,VSP,0
VS,0,VSP,0
VS,0,VSP,0
VS,0,VSP,0
VS,0,VSP,0
VS,0,VSP,0
VS,0,VSP,0
VS,0,VSP,0
VS,0,VSP,0
VS,0,VSP,0
VS,0,VSP,0
VS,0,VSP,0
VS,0,VSP,0
VS,0,VSP,0
VS,0,VSP,0
VS,0,VSP,0
VS,0,VSP,0
VS,0,VSP,0
VS,0,VSP,0
VS,0,VSP,0
VS,0,VSP,0
VS,0,VSP,0
VS,0,VSP,0
VS,0,VSP,0
VS,0,VSP,0
VS,0,VSP,0
VS,0,VSP,0
VS,0,VSP,0
VS,0,VSP,0
VS,0,VSP,0
VS,0,VSP,0
VS,0,VSP,0
VS,0,VSP,0
VS,0,VSP,0
VS,0,VSP,0
VS,0,VSP,0
VS,0,VSP,0
VS,0,VSP,0
VS,0,VSP,0
VS,0,VSP,0
VS,0,VSP,0
VS,0,VSP,0
VS,0,VSP,0
VS,0,VSP,0
VS,0,VSP,0
VS,0,VSP,0
VS,0,VSP,0
VS,0,VSP,0
VS,0,VSP,0
VS,0,VSP,0
VS,0,VSP,0
VS,0,VSP,0
VS,0,VSP,0
VS,0,VSP,0
VS,0,VSP,0
VS,0,VSP,0
VS,0,VSP,0
VS,0,VSP,0
VS,0,VSP,0
VS,0,VSP,0
VS,0,VSP,0
VS,0,VSP,0
VS,0,VSP,0
VS,0,VSP,0
VS,0,VSP,0
VS,0,VSP,0
VS,0,VSP,0
VS,0,VSP,0
VS,0,VSP,0
VS,0,VSP,0
VS,0,VSP,0
VS,0,VSP,0
VS,0,VSP,0
VS,0,VSP,0
VS,0,VSP,0
VS,0,VSP,0
VS,0,VSP,0
VS,0,VSP,0
VS,0,VSP,0
VS,0,VSP,0
VS,0,VSP,0
VS,0,VSP,0
VS,0,VSP,0
VS,0,VSP,0
VS,0,VSP,0
VS,0,VSP,0
VS,0,VSP,0
VS,0,VSP,0
VS,0,VSP,0
VS,0,VSP,0
VS,0,VSP,0
VS,0,VSP,0
VS,0,VSP,0
VS,0,VSP,0
VS,0,VSP,0
VS,0,VSP,0
VS,0,VSP,0
VS,0,VSP,0
VS,0,VSP,0
VS,0,VSP,0
VS,0,VSP,0
VS,0,VSP,0
VS,0,VSP,0
VS,0,VSP,0
VS,0,VSP,0
VS,0,VSP,0
VS,0,VSP,0
VS,0,VSP,0
VS,0,VSP,0
VS,0,VSP,0
VS,0,VSP,0
VS,0,VSP,0
VS,0,VSP,0
VS,0,VSP,0
VS,0,VSP,0
VS,0,VSP,0
VS,0,VSP,0
VS,0,VSP,0
VS,0,VSP,0
VS,0,VSP,0
VS,0,VSP,0
VS,0,VSP,0
VS,0,VSP,0
VS,0,VSP,0
VS,0,VSP,0
VS,0,VSP,0
VS,0,VSP,0
VS,0,VSP,0
VS,0,VSP,0
VS,0,VSP,0
VS,0,VSP,0
VS,0,VSP,0
VS,0,VSP,0
VS,0,VSP,0
VS,0,VSP,0
VS,0,VSP,0
VS,0,VSP,0
VS,0,VSP,0
VS,0,VSP,0
VS,0,VSP,0
VS,0,VSP,0
VS,0,VSP,0
VS,0,VSP,0
VS,0,VSP,0
VS,0,VSP,0
VS,0,VSP,0
VS,0,VSP,0
VS,0,VSP,0
VS,0,VSP,0
VS,0,VSP,0
VS,0,VSP,0
VS,0,VSP,0
VS,0,VSP,0
VS,0,VSP,0
VS,0,VSP,0
VS,0,VSP,0
VS,0,VSP,0
VS,0,VSP,0
VS,0,VSP,0
VS,0,VSP,0
VS,0,VSP,0
VS,0,VSP,0
VS,0,VSP,0
VS,0,VSP,0
VS,0,VSP,0
VS,0,VSP,0
VS,0,VSP,0
VS,0,VSP,0
VS,0,VSP,0
VS,0,VSP,0
VS,0,VSP,0
VS,0,VSP,0
VS,0,VSP,0
VS,0,VSP,0
VS,0,VSP,0
VS,0,VSP,0
VS,0,VSP,0
VS,0,VSP,0
VS,0,VSP,0
VS,0,VSP,0
VS,0,VSP,0
VS,0,VSP,0
VS,0,VSP,0
VS,0,VSP,0
VS,0,VSP,0
VS,0,VSP,0
VS,0,VSP,0
VS,0,VSP,0
VS,0,VSP,0
VS,0,VSP,0
VS,0,VSP,0
VS,0,VSP,0
VS,0,VSP,0
VS,0,VSP,0
VS,0,VSP,0
VS,0,VSP,0
VS,0,VSP,0
VS,0,VSP,0
VS,0,VSP,0
VS,0,VSP,0
VS,0,VSP,0
VS,0,VSP,0
VS,0,VSP,0
VS,0,VSP,0
VS,0,VSP,0
VS,0,VSP,0
VS,0,VSP,0
VS,0,VSP,0
VS,0,VSP,0
VS,0,VSP,0
VS,0,VSP,0
VS,0,VSP,0
VS,0,VSP,0
VS,0,VSP,0
VS,0,VSP,0
VS,0,VSP,0
VS,0,VSP,0
VS,0,VSP,0
VS,0,VSP,0
VS,0,VSP,0
VS,0,VSP,0
VS,0,VSP,0
VS,0,VSP,0
VS,0,VSP,0
VS,0,VSP,0
VS,0,VSP,0
VS,0,VSP,0
VS,0,VSP,0
VS,0,VSP,0
VS,0,VSP,0
VS,0,VSP,0
VS,0,VSP,0
VS,0,VSP,0
VS,0,VSP,0
VS,0,VSP,0
VS,0,VSP,0
VS,0,VSP,0
VS,0,VSP,0
VS,0,VSP,0
VS,0,VSP,0
VS,0,VSP,0
VS,0,VSP,0
VS,0,VSP,0
VS,0,VSP,0
VS,0,VSP,0
VS,0,VSP,0
VS,0,VSP,0
VS,0,VSP,0
VS,0,VSP,0
VS,0,VSP,0
VS,0,VSP,0
VS,0,VSP,0
VS,0,VSP,0
VS,0,VSP,0
VS,0,VSP,0
VS,0,VSP,0
VS,0,VSP,0
VS,0,VSP,0
VS,0,VSP,0
VS,0,VSP,0
VS,0,VSP,0
VS,0,VSP,0
VS,0,VSP,0
VS,0,VSP,0
VS,0,VSP,0
VS,0,VSP,0
VS,0,VSP,0
VS,0,VSP,0
VS,0,VSP,0
VS,0,VSP,0
VS,0,VSP,0
VS,0,VSP,0
VS,0,VSP,0
VS,0,VSP,0
VS,0,VSP,0
VS,0,VSP,0
VS,0,VSP,0
VS,0,VSP,0
VS,0,VSP,0
VS,0,VSP,0
VS,0,VSP,0
VS,0,VSP,0
VS,0,VSP,0
VS,0,VSP,0
VS,0,VSP,0
VS,0,VSP,0
VS,0,VSP,0
VS,0,VSP,0
VS,0,VSP,0
VS,0,VSP,0
VS,0,VSP,0
VS,0,VSP,0
VS,0,VSP,0
VS,0,VSP,0
VS,0,VSP,0
VS,0,VSP,0
VS,0,VSP,0
VS,0,VSP,0
VS,0,VSP,0
VS,0,VSP,0
VS,0,VSP,0
VS,0,VSP,0
VS,0,VSP,0
VS,0,VSP,0
VS,0,VSP,0
VS,0,VSP,0
VS,0,VSP,0
VS,0,VSP,0
VS,0,VSP,0
VS,0,VSP,0
VS,0,VSP,0
VS,0,VSP,0
VS,0,VSP,0
VS,0,VSP,0
VS,0,VSP,0
VS,0,VSP,0
VS,0,VSP,0
VS,0,VSP,0
VS,0,VSP,0
VS,0,VSP,0
VS,0,VSP,0
VS,0,VSP,0
VS,0,VSP,0
VS,0,VSP,0
VS,0,VSP,0
VS,0,VSP,0
VS,0,VSP,0
VS,0,VSP,0
VS,0,VSP,0
VS,0,VSP,0
VS,0,VSP,0
VS,0,VSP,0
VS,0,VSP,0
VS,0,VSP,0
VS,0,VSP,0
VS,0,VSP,0
VS,0,VSP,0
VS,0,VSP,0
VS,0,VSP,0
VS,0,VSP,0
VS,0,VSP,0
VS,0,VSP,0
VS,0,VSP,0
VS,0,VSP,0
VS,0,VSP,0
VS,0,VSP,0
VS,0,VSP,0
VS,0,VSP,0
VS,0,VSP,0
VS,0,VSP,0
VS,0,VSP,0
VS,0,VSP,0
VS,0,VSP,0
VS,0,VSP,0
VS,0,VSP,0
VS,0,VSP,0
VS,0,VSP,0
VS,0,VSP,0
VS,0,VSP,0
VS,0,VSP,0
VS,0,VSP,0
VS,0,VSP,0
VS,0,VSP,0
VS,0,VSP,0
VS,0,VSP,0
VS,0,VSP,0
VS,0,VSP,0
VS,0,VSP,0
VS,0,VSP,0
VS,0,VSP,0
VS,0,VSP,0
VS,0,VSP,0
VS,0,VSP,0
VS,0,VSP,0
VS,0,VSP,0
VS,0,VSP,0
VS,0,VSP,0
VS,0,VSP,0
VS,0,VSP,0
VS,0,VSP,0
VS,0,VSP,0
VS,0,VSP,0
VS,0,VSP,0
VS,0,VSP,0
VS,0,VSP,0
VS,0,VSP,0
VS,0,VSP,0
VS,0,VSP,0
VS,0,VSP,0
VS,0,VSP,0
VS,0,VSP,0
VS,0,VSP,0
VS,0,VSP,0
VS,0,VSP,0
VS,0,VSP,0
VS,0,VSP,0
VS,0,VSP,0
VS,0,VSP,0
VS,0,VSP,0
VS,0,VSP,0
VS,0,VSP,0
VS,0,VSP,0
VS,0,VSP,0
VS,0,VSP,0
VS,0,VSP,0
VS,0,VSP,0
VS,0,VSP,0
VS,0,VSP,0
VS,0,VSP,0
VS,0,VSP,0
VS,0,VSP,0
VS,0,VSP,0
VS,0,VSP,0
VS,0,VSP,0
VS,0,VSP,0
VS,0,VSP,0
VS,0,VSP,0
VS,0,VSP,0
VS,0,VSP,0
VS,0,VSP,0
VS,0,VSP,0
VS,0,VSP,0
VS,0,VSP,0
VS,0,VSP,0
VS,0,VSP,0
VS,0,VSP,0
VS,0,VSP,0
VS,0,VSP,0
VS,0,VSP,0
VS,0,VSP,0
VS,0,VSP,0
VS,0,VSP,0
VS,0,VSP,0
VS,0,VSP,0
VS,0,VSP,0
VS,0,VSP,0
VS,0,VSP,0
VS,0,VSP,0
VS,0,VSP,0
VS,0,VSP,0
VS,0,VSP,0
VS,0,VSP,0
VS,0,VSP,0
VS,0,VSP,0
VS,0,VSP,0
VS,0,VSP,0
VS,0,VSP,0
VS,0,VSP,0
VS,0,VSP,0
VS,0,VSP,0
VS,0,VSP,0
VS,0,VSP,0
VS,0,VSP,0
VS,0,VSP,0
VS,0,VSP,0
VS,0,VSP,0
VS,0,VSP,0
VS,0,VSP,0
VS,0,VSP,0
VS,0,VSP,0
VS,0,VSP,0
VS,0,VSP,0
VS,0,VSP,0
VS,0,VSP,0
VS,0,VSP,0
VS,0,VSP,0
VS,0,VSP,0
VS,0,VSP,0
VS,0,VSP,0
VS,0,VSP,0
VS,0,VSP,0
VS,0,VSP,0
VS,0,VSP,0
VS,0,VSP,0
VS,0,VSP,0
VS,0,VSP,0
VS,0,VSP,0
VS,0,VSP,0
VS,0,VSP,0
VS,0,VSP,0
VS,0,VSP,0
VS,0,VSP,0
VS,0,VSP,0
VS,0,VSP,0
VS,0,VSP,0
VS,0,VSP,0
VS,0,VSP,0
VS,0,VSP,0
VS,0,VSP,0
VS,0,VSP,0
VS,0,VSP,0
VS,0,VSP,0
VS,0,VSP,0
VS,0,VSP,0
VS,0,VSP,0
VS,0,VSP,0
VS,0,VSP,0
VS,0,VSP,0
VS,0,VSP,0
VS,0,VSP,0
VS,0,VSP,0
VS,0,VSP,0
VS,0,VSP,0
VS,0,VSP,0
VS,0,VSP,0
VS,0,VSP,0
VS,0,VSP,0
VS,0,VSP,0
VS,0,VSP,0
VS,0,VSP,0
VS,0,VSP,0
VS,0,VSP,0
VS,0,VSP,0
VS,0,VSP,0
VS,0,VSP,0
VS,0,VSP,0
VS,0,VSP,0
VS,0,VSP,0
VS,0,VSP,0
VS,0,VSP,0
VS,0,VSP,0
VS,0,VSP,0
VS,0,VSP,0
VS,0,VSP,0
VS,0,VSP,0
VS,0,VSP,0
VS,0,VSP,0
VS,0,VSP,0
VS,0,VSP,0
VS,0,VSP,0
VS,0,VSP,0
VS,0,VSP,0
VS,0,VSP,0
VS,0,VSP,0
VS,0,VSP,0
VS,0,VSP,0
VS,0,VSP,0
VS,0,VSP,0
VS,0,VSP,0
VS,0,VSP,0
VS,0,VSP,0
VS,0,VSP,0
VS,0,VSP,0
VS,0,VSP,0
VS,0,VSP,0
VS,0,VSP,0
VS,0,VSP,0
VS,0,VSP,0
VS,0,VSP,0
VS,0,VSP,0
VS,0,VSP,0
VS,0,VSP,0
VS,0,VSP,0
VS,0,VSP,0
VS,0,VSP,0
VS,0,VSP,0
VS,0,VSP,0
VS,0,VSP,0
VS,0,VSP,0
VS,0,VSP,0
VS,0,VSP,0
VS,0,VSP,0
VS,0,VSP,0
VS,0,VSP,0
VS,0,VSP,0
VS,0,VSP,0
VS,0,VSP,0
VS,0,VSP,0
VS,0,VSP,0
VS,0,VSP,0
VS,0,VSP,0
VS,0,VSP,0
VS,0,VSP,0
VS,0,VSP,0
VS,0,VSP,0
VS,0,VSP,0
VS,0,VSP,0
VS,0,VSP,0
VS,0,VSP,0
VS,0,VSP,0
VS,0,VSP,0
VS,0,VSP,0
VS,0,VSP,0
VS,0,VSP,0
VS,0,VSP,0
VS,0,VSP,0
VS,0,VSP,0
VS,0,VSP,0
VS,0,VSP,0
VS,0,VSP,0
VS,0,VSP,0
VS,0,VSP,0
VS,0,VSP,0
VS,0,VSP,0
VS,0,VSP,0
VS,0,VSP,0
VS,0,VSP,0
VS,0,VSP,0
VS,0,VSP,0
VS,0,VSP,0
VS,0,VSP,0
VS,0,VSP,0
VS,0,VSP,0
VS,0,VSP,0
VS,0,VSP,0
VS,0,VSP,0
VS,0,VSP,0
VS,0,VSP,0
VS,0,VSP,0
VS,0,VSP,0
VS,0,VSP,0
VS,0,VSP,0
VS,0,VSP,0
VS,0,VSP,0
VS,0,VSP,0
VS,0,VSP,0
VS,0,VSP,0
VS,0,VSP,0
VS,0,VSP,0
VS,0,VSP,0
VS,0,VSP,0
VS,0,VSP,0
VS,0,VSP,0
VS,0,VSP,0
VS,0,VSP,0
VS,0,VSP,0
VS,0,VSP,0
VS,0,VSP,0
VS,0,VSP,0
VS,0,VSP,0
VS,0,VSP,0
VS,0,VSP,0
VS,0,VSP,0
VS,0,VSP,0
VS,0,VSP,0
VS,0,VSP,0
VS,0,VSP,0
VS,0,VSP,0
VS,0,VSP,0
VS,0,VSP,0
VS,0,VSP,0
VS,0,VSP,0
VS,0,VSP,0
VS,0,VSP,0
VS,0,VSP,0
VS,0,VSP,0
VS,0,VSP,0
VS,0,VSP,0
VS,0,VSP,0
VS,0,VSP,0
VS,0,VSP,0
VS,0,VSP,0
VS,0,VSP,0
VS,0,VSP,0
VS,0,VSP,0
VS,0,VSP,0
VS,0,VSP,0
VS,0,VSP,0
VS,0,VSP,0
VS,0,VSP,0
VS,0,VSP,0
VS,0,VSP,0
VS,0,VSP,0
VS,0,VSP,0
VS,0,VSP,0
VS,0,VSP,0
VS,0,VSP,0
VS,0,VSP,0
VS,0,VSP,0
VS,0,VSP,0
VS,0,VSP,0
VS,0,VSP,0
VS,0,VSP,0
VS,0,VSP,0
VS,0,VSP,0
VS,0,VSP,0
VS,0,VSP,0
VS,0,VSP,0
VS,0,VSP,0
VS,0,VSP,0
VS,0,VSP,0
VS,0,VSP,0
VS,0,VSP,0
VS,0,VSP,0
VS,0,VSP,0
VS,0,VSP,0
VS,0,VSP,0
VS,0,VSP,0
VS,0,VSP,0
VS,0,VSP,0
VS,0,VSP,0
VS,0,VSP,0
VS,0,VSP,0
VS,0,VSP,0
VS,0,VSP,0
VS,0,VSP,0
VS,0,VSP,0
VS,0,VSP,0
VS,0,VSP,0
VS,0,VSP,0
VS,0,VSP,0
VS,0,VSP,0
VS,0,VSP,0
VS,0,VSP,0
VS,0,VSP,0
VS,0,VSP,0
VS,0,VSP,0
VS,0,VSP,0
VS,0,VSP,0
VS,0,VSP,0
VS,0,VSP,0
VS,0,VSP,0
VS,0,VSP,0
VS,0,VSP,0
VS,0,VSP,0
VS,0,VSP,0
VS,0,VSP,0
VS,0,VSP,0
VS,0,VSP,0
VS,0,VSP,0
VS,0,VSP,0
VS,0,VSP,0
VS,0,VSP,0
VS,0,VSP,0
VS,0,VSP,0
VS,0,VSP,0
VS,0,VSP,0
VS,0,VSP,0
VS,0,VSP,0
VS,0,VSP,0
VS,0,VSP,0
VS,0,VSP,0
VS,0,VSP,0
VS,0,VSP,0
VS,0,VSP,0
VS,0,VSP,0
VS,0,VSP,0
VS,0,VSP,0
VS,0,VSP,0
VS,0,VSP,0
VS,0,VSP,0
VS,0,VSP,0
VS,0,VSP,0
VS,0,VSP,0
VS,0,VSP,0
VS,0,VSP,0
VS,0,VSP,0
VS,0,VSP,0
VS,0,VSP,0
VS,0,VSP,0
VS,0,VSP,0
VS,0,VSP,0
VS,0,VSP,0
VS,0,VSP,0
VS,0,VSP,0
VS,0,VSP,0
VS,0,VSP,0
VS,0,VSP,0
VS,0,VSP,0
VS,0,VSP,0
VS,0,VSP,0
VS,0,VSP,0
VS,0,VSP,0
VS,0,VSP,0
VS,0,VSP,0
VS,0,VSP,0
VS,0,VSP,0
VS,0,VSP,0
VS,0,VSP,0
VS,0,VSP,0
VS,0,VSP,0
VS,0,VSP,0
VS,0,VSP,0
VS,0,VSP,0
VS,0,VSP,0
VS,0,VSP,0
VS,0,VSP,0
VS,0,VSP,0
VS,0,VSP,0
VS,0,VSP,0
VS,0,VSP,0
VS,0,VSP,0
VS,0,VSP,0
VS,0,VSP,0
VS,0,VSP,0
VS,0,VSP,0
VS,0,VSP,0
VS,0,VSP,0
VS,0,VSP,0
VS,0,VSP,0
VS,0,VSP,0
VS,0,VSP,0
VS,0,VSP,0
VS,0,VSP,0
VS,0,VSP,0
VS,0,VSP,0
VS,0,VSP,0
VS,0,VSP,0
VS,0,VSP,0
VS,0,VSP,0
VS,0,VSP,0
VS,0,VSP,0
VS,0,VSP,0
VS,0,VSP,0
VS,0,VSP,0
VS,0,VSP,0
VS,0,VSP,0
VS,0,VSP,0
VS,0,VSP,0
VS,0,VSP,0
VS,0,VSP,0
VS,0,VSP,0
VS,0,VSP,0
VS,0,VSP,0
VS,0,VSP,0
VS,0,VSP,0
VS,0,VSP,0
VS,0,VSP,0
VS,0,VSP,0
VS,0,VSP,0
VS,0,VSP,0
VS,0,VSP,0
VS,0,VSP,0
VS,0,VSP,0
VS,0,VSP,0
VS,0,VSP,0
VS,0,VSP,0
VS,0,VSP,0
VS,0,VSP,0
VS,0,VSP,0
VS,0,VSP,0
VS,0,VSP,0
VS,0,VSP,0
VS,0,VSP,0
VS,0,VSP,0
VS,0,VSP,0
VS,0,VSP,0
VS,0,VSP,0
VS,0,VSP,0
VS,0,VSP,0
VS,0,VSP,0
VS,0,VSP,0
VS,0,VSP,0
VS,0,VSP,0
VS,0,VSP,0
VS,0,VSP,0
VS,0,VSP,0
VS,0,VSP,0
VS,0,VSP,0
VS,0,VSP,0
VS,0,VSP,0
VS,0,VSP,0
VS,0,VSP,0
VS,0,VSP,0
VS,0,VSP,0
VS,0,VSP,0
VS,0,VSP,0
VS,0,VSP,0
VS,0,VSP,0
VS,0,VSP,0
VS,0,VSP,0
VS,0,VSP,0
VS,0,VSP,0
VS,0,VSP,0
VS,0,VSP,0
VS,0,VSP,0
VS,0,VSP,0
VS,0,VSP,0
VS,0,VSP,0
VS,0,VSP,0
VS,0,VSP,0
VS,0,VSP,0
VS,0,VSP,0
VS,0,VSP,0
VS,0,VSP,0
VS,0,VSP,0
VS,0,VSP,0
VS,0,VSP,0
VS,0,VSP,0
VS,0,VSP,0
VS,0,VSP,0
VS,0,VSP,0
VS,0,VSP,0
VS,0,VSP,0
VS,0,VSP,0
VS,0,VSP,0
VS,0,VSP,0
VS,0,VSP,0
VS,0,VSP,0
VS,0,VSP,0
VS,0,VSP,0
VS,0,VSP,0
VS,0,VSP,0
VS,0,VSP,0
VS,0,VSP,0
VS,0,VSP,0
VS,0,VSP,0
VS,0,VSP,0
VS,0,VSP,0
VS,0,VSP,0
VS,0,VSP,0
VS,0,VSP,0
VS,0,VSP,0
VS,0,VSP,0
VS,0,VSP,0
VS,0,VSP,0
VS,0,VSP,0
VS,0,VSP,0
VS,0,VSP,0
VS,0,VSP,0
VS,0,VSP,0
VS,0,VSP,0
VS,0,VSP,0
VS,0,VSP,0
VS,0,VSP,0
VS,0,VSP,0
VS,0,VSP,0
VS,0,VSP,0
VS,0,VSP,0
VS,0,VSP,0
VS,0,VSP,0
VS,0,VSP,0
VS,0,VSP,0
VS,0,VSP,0
VS,0,VSP,0
VS,0,VSP,0
VS,0,VSP,0
VS,0,VSP,0
VS,0,VSP,0
VS,0,VSP,0
VS,0,VSP,0
VS,0,VSP,0
VS,0,VSP,0
VS,0,VSP,0
VS,0,VSP,0
VS,0,VSP,0
VS,0,VSP,0
VS,0,VSP,0
VS,0,VSP,0
VS,0,VSP,0
VS,0,VSP,0
VS,0,VSP,0
VS,0,VSP,0
VS,0,VSP,0
VS,0,VSP,0
VS,0,VSP,0
VS,0,VSP,0
VS,0,VSP,0
VS,0,VSP,0
VS,0,VSP,0
VS,0,VSP,0
VS,0,VSP,0
VS,0,VSP,0
VS,0,VSP,0
VS,0,VSP,0
VS,0,VSP,0
VS,0,VSP,0
VS,0,VSP,0
VS,0,VSP,0
VS,0,VSP,0
VS,0,VSP,0
VS,0,VSP,0
VS,0,VSP,0
VS,0,VSP,0
VS,0,VSP,0
VS,0,VSP,0
VS,0,VSP,0
VS,0,VSP,0
VS,0,VSP,0
VS,0,VSP,0
VS,0,VSP,0
VS,0,VSP,0
VS,0,VSP,0
VS,0,VSP,0
VS,0,VSP,0
VS,0,VSP,0
VS,0,VSP,0
VS,0,VSP,0
VS,0,VSP,0
VS,0,VSP,0
VS,0,VSP,0
VS,0,VSP,0
VS,0,VSP,0
VS,0,VSP,0
VS,0,VSP,0
VS,0,VSP,0
VS,0,VSP,0
VS,0,VSP,0
VS,0,VSP,0
VS,0,VSP,0
VS,0,VSP,0
VS,0,VSP,0
VS,0,VSP,0
VS,0,VSP,0
VS,0,VSP,0
VS,0,VSP,0
VS,0,VSP,0
VS,0,VSP,0
VS,0,VSP,0
VS,0,VSP,0
VS,0,VSP,0
VS,0,VSP,0
VS,0,VSP,0
VS,0,VSP,0
VS,0,VSP,0
VS,0,VSP,0
VS,0,VSP,0
VS,0,VSP,0
VS,0,VSP,0
VS,0,VSP,0
VS,0,VSP,0
VS,0,VSP,0
VS,0,VSP,0
VS,0,VSP,0
VS,0,VSP,0
VS,0,VSP,0
VS,0,VSP,0
VS,0,VSP,0
VS,0,VSP,0
VS,0,VSP,0
VS,0,VSP,0
VS,0,VSP,0
VS,0,VSP,0
VS,0,VSP,0
VS,0,VSP,0
VS,0,VSP,0
VS,0,VSP,0
VS,0,VSP,0
VS,0,VSP,0
VS,0,VSP,0
VS,0,VSP,0
VS,0,VSP,0
VS,0,VSP,0
VS,0,VSP,0
VS,0,VSP,0
VS,0,VSP,0
VS,0,VSP,0
VS,0,VSP,0
VS,0,VSP,0
VS,0,VSP,0
VS,0,VSP,0
VS,0,VSP,0
VS,0,VSP,0
VS,0,VSP,0
VS,0,VSP,0
VS,0,VSP,0
VS,0,VSP,0
VS,0,VSP,0
VS,0,VSP,0
VS,0,VSP,0
VS,0,VSP,0
VS,0,VSP,0
VS,0,VSP,0
VS,0,VSP,0
VS,0,VSP,0
VS,0,VSP,0
VS,0,VSP,0
VS,0,VSP,0
VS,0,VSP,0
VS,0,VSP,0
VS,0,VSP,0
VS,0,VSP,0
VS,0,VSP,0
VS,0,VSP,0
VS,0,VSP,0
VS,0,VSP,0
VS,0,VSP,0
VS,0,VSP,0
VS,0,VSP,0
VS,0,VSP,0
VS,0,VSP,0
VS,0,VSP,0
VS,0,VSP,0
VS,0,VSP,0
VS,0,VSP,0
VS,0,VSP,0
VS,0,VSP,0
VS,0,VSP,0
VS,0,VSP,0
VS,0,VSP,0
VS,0,VSP,0
VS,0,VSP,0
VS,0,VSP,0
VS,0,VSP,0
VS,0,VSP,0
VS,0,VSP,0
VS,0,VSP,0
VS,0,VSP,0
VS,0,VSP,0
VS,0,VSP,0
VS,0,VSP,0
VS,0,VSP,0
VS,0,VSP,0
VS,0,VSP,0
VS,0,VSP,0
VS,0,VSP,0
VS,0,VSP,0
VS,0,VSP,0
VS,0,VSP,0
VS,0,VSP,0
VS,0,VSP,0
VS,0,VSP,0
VS,0,VSP,0
VS,0,VSP,0
VS,0,VSP,0
VS,0,VSP,0
VS,0,VSP,0
VS,0,VSP,0
VS,0,VSP,0
VS,0,VSP,0
VS,0,VSP,0
VS,0,VSP,0
VS,0,VSP,0
VS,0,VSP,0
VS,0,VSP,0
VS,0,VSP,0
VS,0,VSP,0
VS,0,VSP,0
VS,0,VSP,0
VS,0,VSP,0
VS,0,VSP,0
VS,0,VSP,0
VS,0,VSP,0
VS,0,VSP,0
VS,0,VSP,0
VS,0,VSP,0
VS,0,VSP,0
VS,0,VSP,0
VS,0,VSP,0
VS,0,VSP,0
VS,0,VSP,0
VS,0,VSP,0
VS,0,VSP,0
VS,0,VSP,0
VS,0,VSP,0
VS,0,VSP,0
VS,0,VSP,0
VS,0,VSP,0
VS,0,VSP,0
VS,0,VSP,0
VS,0,VSP,0
VS,0,VSP,0
VS,0,VSP,0
VS,0,VSP,0
VS,0,VSP,0
VS,0,VSP,0
VS,0,VSP,0
VS,0,VSP,0
VS,0,VSP,0
VS,0,VSP,0
VS,0,VSP,0
VS,0,VSP,0
VS,0,VSP,0
VS,0,VSP,0
VS,0,VSP,0
VS,0,VSP,0
VS,0,VSP,0
VS,0,VSP,0
VS,0,VSP,0
VS,0,VSP,0
VS,0,VSP,0
VS,0,VSP,0
VS,0,VSP,0
VS,0,VSP,0
VS,0,VSP,0
VS,0,VSP,0
VS,0,VSP,0
VS,0,VSP,0
VS,0,VSP,0
VS,0,VSP,0
VS,0,VSP,0
VS,0,VSP,0
VS,0,VSP,0
VS,0,VSP,0
VS,0,VSP,0
VS,0,VSP,0
VS,0,VSP,0
VS,0,VSP,0
VS,0,VSP,0
VS,0,VSP,0
VS,0,VSP,0
VS,0,VSP,0
VS,0,VSP,0
VS,0,VSP,0
VS,0,VSP,0
VS,0,VSP,0
VS,0,VSP,0
VS,0,VSP,0
VS,0,VSP,0
VS,0,VSP,0
VS,0,VSP,0
VS,0,VSP,0
VS,0,VSP,0
VS,0,VSP,0
VS,0,VSP,0
VS,0,VSP,0
VS,0,VSP,0
VS,0,VSP,0
VS,0,VSP,0
VS,0,VSP,0
VS,0,VSP,0
VS,0,VSP,0
VS,0,VSP,0
VS,0,VSP,0
VS,0,VSP,0
VS,0,VSP,0
VS,0,VSP,0
VS,0,VSP,0
VS,0,VSP,0
VS,0,VSP,0
VS,0,VSP,0
VS,0,VSP,0
VS,0,VSP,0
VS,0,VSP,0
VS,0,VSP,0
VS,0,VSP,0
VS,0,VSP,0
VS,0,VSP,0
VS,0,VSP,0
VS,0,VSP,0
VS,0,VSP,0
VS,0,VSP,0
VS,0,VSP,0
VS,0,VSP,0
VS,0,VSP,0
VS,0,VSP,0
VS,0,VSP,0
VS,0,VSP,0
VS,0,VSP,0
VS,0,VSP,0
VS,0,VSP,0
VS,0,VSP,0
VS,0,VSP,0
VS,0,VSP,0
VS,0,VSP,0
VS,0,VSP,0
VS,0,VSP,0
VS,0,VSP,0
VS,0,VSP,0
VS,0,VSP,0
VS,0,VSP,0
VS,0,VSP,0
VS,0,VSP,0
VS,0,VSP,0
VS,0,VSP,0
VS,0,VSP,0
VS,0,VSP,0
VS,0,VSP,0
VS,0,VSP,0
VS,0,VSP,0
VS,0,VSP,0
VS,0,VSP,0
VS,0,VSP,0
VS,0,VSP,0
VS,0,VSP,0
VS,0,VSP,0
VS,0,VSP,0
VS,0,VSP,0
VS,0,VSP,0
VS,0,VSP,0
VS,0,VSP,0
VS,0,VSP,0
VS,0,VSP,0
VS,0,VSP,0
VS,0,VSP,0
VS,0,VSP,0
VS,0,VSP,0
VS,0,VSP,0
VS,0,VSP,0
VS,0,VSP,0
VS,0,VSP,0
VS,0,VSP,0
VS,0,VSP,0
VS,0,VSP,0
VS,0,VSP,0
VS,0,VSP,0
VS,0,VSP,0
VS,0,VSP,0
VS,0,VSP,0
VS,0,VSP,0
VS,0,VSP,0
VS,0,VSP,0
VS,0,VSP,0
VS,0,VSP,0
VS,0,VSP,0
VS,0,VSP,0
VS,0,VSP,0
VS,0,VSP,0
VS,0,VSP,0
VS,0,VSP,0
VS,0,VSP,0
VS,0,VSP,0
VS,0,VSP,0
VS,0,VSP,0
VS,0,VSP,0
VS,0,VSP,0
VS,0,VSP,0
VS,0,VSP,0
VS,0,VSP,0
VS,0,VSP,0
VS,0,VSP,0
VS,0,VSP,0
VS,0,VSP,0
VS,0,VSP,0
VS,0,VSP,0
VS,0,VSP,0
VS,0,VSP,0
VS,0,VSP,0
VS,0,VSP,0
VS,0,VSP,0
VS,0,VSP,0
VS,0,VSP,0
VS,0,VSP,0
VS,0,VSP,0
VS,0,VSP,0
VS,0,VSP,0
VS,0,VSP,0
VS,0,VSP,0
VS,0,VSP,0
VS,0,VSP,0
VS,0,VSP,0
VS,0,VSP,0
VS,0,VSP,0
VS,0,VSP,0
VS,0,VSP,0
VS,0,VSP,0
VS,0,VSP,0
VS,0,VSP,0
VS,0,VSP,0
VS,0,VSP,0
VS,0,VSP,0
VS,0,VSP,0
VS,0,VSP,0
VS,0,VSP,0
VS,0,VSP,0
VS,0,VSP,0
VS,0,VSP,0
VS,0,VSP,0
VS,0,VSP,0
VS,0,VSP,0
VS,0,VSP,0
VS,0,VSP,0
VS,0,VSP,0
VS,0,VSP,0
VS,0,VSP,0
VS,0,VSP,0
VS,0,VSP,0
VS,0,VSP,0
VS,0,VSP,0
VS,0,VSP,0
VS,0,VSP,0
VS,0,VSP,0
VS,0,VSP,0
VS,0,VSP,0
VS,0,VSP,0
VS,0,VSP,0
VS,0,VSP,0
VS,0,VSP,0
VS,0,VSP,0
VS,0,VSP,0
VS,0,VSP,0
VS,0,VSP,0
VS,0,VSP,0
VS,0,VSP,0
VS,0,VSP,0
VS,0,VSP,0
VS,0,VSP,0
VS,0,VSP,0
VS,0,VSP,0
VS,0,VSP,0
VS,0,VSP,0
VS,0,VSP,0
VS,0,VSP,0
VS,0,VSP,0
VS,0,VSP,0
VS,0,VSP,0
VS,0,VSP,0
VS,0,VSP,0
VS,0,VSP,0
VS,0,VSP,0
VS,0,VSP,0
VS,0,VSP,0
VS,0,VSP,0
VS,0,VSP,0
VS,0,VSP,0
VS,0,VSP,0
VS,0,VSP,0
VS,0,VSP,0
VS,0,VSP,0
VS,0,VSP,0
VS,0,VSP,0
VS,0,VSP,0
VS,0,VSP,0
VS,0,VSP,0
VS,0,VSP,0
VS,0,VSP,0
VS,0,VSP,0
VS,0,VSP,0
VS,0,VSP,0
VS,0,VSP,0
VS,0,VSP,0
VS,0,VSP,0
VS,0,VSP,0
VS,0,VSP,0
VS,0,VSP,0
VS,0,VSP,0
VS,0,VSP,0
VS,0,VSP,0
VS,0,VSP,0
VS,0,VSP,0
VS,0,VSP,0
VS,0,VSP,0
VS,0,VSP,0
VS,0,VSP,0
VS,0,VSP,0
VS,0,VSP,0
VS,0,VSP,0
VS,0,VSP,0
VS,0,VSP,0
VS,0,VSP,0
VS,0,VSP,0
VS,0,VSP,0
VS,0,VSP,0
VS,0,VSP,0
VS,0,VSP,0
VS,0,VSP,0
VS,0,VSP,0
VS,0,VSP,0
VS,0,VSP,0
VS,0,VSP,0
VS,0,VSP,0
VS,0,VSP,0
VS,0,VSP,0
VS,0,VSP,0
VS,0,VSP,0
VS,0,VSP,0
VS,0,VSP,0
VS,0,VSP,0
VS,0,VSP,0
VS,0,VSP,0
VS,0,VSP,0
VS,0,VSP,0
VS,0,VSP,0
VS,0,VSP,0
VS,0,VSP,0
VS,0,VSP,0
VS,0,VSP,0
VS,0,VSP,0
VS,0,VSP,0
VS,0,VSP,0
VS,0,VSP,0
VS,0,VSP,0
VS,0,VSP,0
VS,0,VSP,0
VS,0,VSP,0
VS,0,VSP,0
VS,0,VSP,0
VS,0,VSP,0
VS,0,VSP,0
VS,0,VSP,0
VS,0,VSP,0
VS,0,VSP,0
VS,0,VSP,0
VS,0,VSP,0
VS,0,VSP,0
VS,0,VSP,0
VS,0,VSP,0
VS,0,VSP,0
VS,0,VSP,0
VS,0,VSP,0
VS,0,VSP,0
VS,0,VSP,0
VS,0,VSP,0
VS,0,VSP,0
VS,0,VSP,0
VS,0,VSP,0
VS,0,VSP,0
VS,0,VSP,0
VS,0,VSP,0
VS,0,VSP,0
VS,0,VSP,0
VS,0,VSP,0
VS,0,VSP,0
VS,0,VSP,0
VS,0,VSP,0
VS,0,VSP,0
VS,0,VSP,0
VS,0,VSP,0
VS,0,VSP,0
VS,0,VSP,0
VS,0,VSP,0
VS,0,VSP,0
VS,0,VSP,0
VS,0,VSP,0
VS,0,VSP,0
VS,0,VSP,0
VS,0,VSP,0
VS,0,VSP,0
VS,0,VSP,0
VS,0,VSP,0
VS,0,VSP,0
VS,0,VSP,0
VS,0,VSP,0
VS,0,VSP,0
VS,0,VSP,0
VS,0,VSP,0
VS,0,VSP,0
VS,0,VSP,0
VS,0,VSP,0
VS,0,VSP,0
VS,0,VSP,0
VS,0,VSP,0
VS,0,VSP,0
VS,0,VSP,0
VS,0,VSP,0
VS,0,VSP,0
VS,0,VSP,0
VS,0,VSP,0
VS,0,VSP,0
VS,0,VSP,0
VS,0,VSP,0
VS,0,VSP,0
VS,0,VSP,0
VS,0,VSP,0
VS,0,VSP,0
VS,0,VSP,0
VS,0,VSP,0
VS,0,VSP,0
VS,0,VSP,0
VS,0,VSP,0
VS,0,VSP,0
VS,0,VSP,0
VS,0,VSP,0
VS,0,VSP,0
VS,0,VSP,0
VS,0,VSP,0
VS,0,VSP,0
VS,0,VSP,0
VS,0,VSP,0
VS,0,VSP,0
VS,0,VSP,0
VS,0,VSP,0
VS,0,VSP,0
VS,0,VSP,0
VS,0,VSP,0
VS,0,VSP,0
VS,0,VSP,0
VS,0,VSP,0
VS,0,VSP,0
VS,0,VSP,0
VS,0,VSP,0
VS,0,VSP,0
VS,0,VSP,0
VS,0,VSP,0
VS,0,VSP,0
VS,0,VSP,0
VS,0,VSP,0
VS,0,VSP,0
VS,0,VSP,0
VS,0,VSP,0
VS,0,VSP,0
VS,0,VSP,0
VS,0,VSP,0
VS,0,VSP,0
VS,0,VSP,0
VS,0,VSP,0
VS,0,VSP,0
VS,0,VSP,0
VS,0,VSP,0
VS,0,VSP,0
VS,0,VSP,0
VS,0,VSP,0
VS,0,VSP,0
VS,0,VSP,0
VS,0,VSP,0
VS,0,VSP,0
VS,0,VSP,0
VS,0,VSP,0
VS,0,VSP,0
VS,0,VSP,0
VS,0,VSP,0
VS,0,VSP,0
VS,0,VSP,0
VS,0,VSP,0
VS,0,VSP,0
VS,0,VSP,0
VS,0,VSP,0
VS,0,VSP,0
VS,0,VSP,0
VS,0,VSP,0
VS,0,VSP,0
VS,0,VSP,0
VS,0,VSP,0
VS,0,VSP,0
VS,0,VSP,0
VS,0,VSP,0
VS,0,VSP,0
VS,0,VSP,0
VS,0,VSP,0
VS,0,VSP,0
VS,0,VSP,0
VS,0,VSP,0
VS,0,VSP,0
VS,0,VSP,0
VS,0,VSP,0
VS,0,VSP,0
VS,0,VSP,0
VS,0,VSP,0
VS,0,VSP,0
VS,0,VSP,0
VS,0,VSP,0
VS,0,VSP,0
VS,0,VSP,0
VS,0,VSP,0
VS,0,VSP,0
VS,0,VSP,0
VS,0,VSP,0
VS,0,VSP,0
VS,0,VSP,0
VS,0,VSP,0
VS,0,VSP,0
VS,0,VSP,0
VS,0,VSP,0
VS,0,VSP,0
VS,0,VSP,0
VS,0,VSP,0
VS,0,VSP,0
VS,0,VSP,0
VS,0,VSP,0
VS,0,VSP,0
VS,0,VSP,0
VS,0,VSP,0
VS,0,VSP,0
VS,0,VSP,0
VS,0,VSP,0
VS,0,VSP,0
VS,0,VSP,0
VS,0,VSP,0
VS,0,VSP,0
VS,0,VSP,0
VS,0,VSP,0
VS,0,VSP,0
VS,0,VSP,0
VS,0,VSP,0
VS,0,VSP,0
VS,0,VSP,0
VS,0,VSP,0
VS,0,VSP,0
VS,0,VSP,0
VS,0,VSP,0
VS,0,VSP,0
VS,0,VSP,0
VS,0,VSP,0
VS,0,VSP,0
VS,0,VSP,0
VS,0,VSP,0
VS,0,VSP,0
VS,0,VSP,0
VS,0,VSP,0
VS,0,VSP,0
VS,0,VSP,0
VS,0,VSP,0
VS,0,VSP,0
VS,0,VSP,0
VS,0,VSP,0
VS,0,VSP,0
VS,0,VSP,0
VS,0,VSP,0
VS,0,VSP,0
VS,0,VSP,0
VS,0,VSP,0
VS,0,VSP,0
VS,0,VSP,0
VS,0,VSP,0
VS,0,VSP,0
VS,0,VSP,0
VS,0,VSP,0
VS,0,VSP,0
VS,0,VSP,0
VS,0,VSP,0
VS,0,VSP,0
VS,0,VSP,0
VS,0,VSP,0
VS,0,VSP,0
VS,0,VSP,0
VS,0,VSP,0
VS,0,VSP,0
VS,0,VSP,0
VS,0,VSP,0
VS,0,VSP,0
VS,0,VSP,0
VS,0,VSP,0
VS,0,VSP,0
VS,0,VSP,0
VS,0,VSP,0
VS,0,VSP,0
VS,0,VSP,0
VS,0,VSP,0
VS,0,VSP,0
VS,0,VSP,0
VS,0,VSP,0
VS,0,VSP,0
VS,0,VSP,0
VS,0,VSP,0
VS,0,VSP,0
VS,0,VSP,0
VS,0,VSP,0
VS,0,VSP,0
VS,0,VSP,0
VS,0,VSP,0
VS,0,VSP,0
VS,0,VSP,0
VS,0,VSP,0
VS,0,VSP,0
VS,0,VSP,0
VS,0,VSP,0
VS,0,VSP,0
VS,0,VSP,0
VS,0,VSP,0
VS,0,VSP,0
VS,0,VSP,0
VS,0,VSP,0
VS,0,VSP,0
VS,0,VSP,0
VS,0,VSP,0
VS,0,VSP,0
VS,0,VSP,0
VS,0,VSP,0
VS,0,VSP,0
VS,0,VSP,0
VS,0,VSP,0
VS,0,VSP,0
VS,0,VSP,0
VS,0,VSP,0
VS,0,VSP,0
VS,0,VSP,0
VS,0,VSP,0
VS,0,VSP,0
VS,0,VSP,0
VS,0,VSP,0
VS,0,VSP,0
VS,0,VSP,0
VS,0,VSP,0
VS,0,VSP,0
VS,0,VSP,0
VS,0,VSP,0
VS,0,VSP,0
VS,0,VSP,0
VS,0,VSP,0
VS,0,VSP,0
VS,0,VSP,0
VS,0,VSP,0
VS,0,VSP,0
VS,0,VSP,0
VS,0,VSP,0
VS,0,VSP,0
VS,0,VSP,0
VS,0,VSP,0
VS,0,VSP,0
VS,0,VSP,0
VS,0,VSP,0
VS,0,VSP,0
VS,0,VSP,0
VS,0,VSP,0
VS,0,VSP,0
VS,0,VSP,0
VS,0,VSP,0
VS,0,VSP,0
VS,0,VSP,0
VS,0,VSP,0
VS,0,VSP,0
VS,0,VSP,0
VS,0,VSP,0
VS,0,VSP,0
VS,0,VSP,0
VS,0,VSP,0
VS,0,VSP,0
VS,0,VSP,0
VS,0,VSP,0
VS,0,VSP,0
VS,0,VSP,0
VS,0,VSP,0
VS,0,VSP,0
VS,0,VSP,0
VS,0,VSP,0
VS,0,VSP,0
VS,0,VSP,0
VS,0,VSP,0
VS,0,VSP,0
VS,0,VSP,0
VS,0,VSP,0
VS,0,VSP,0
VS,0,VSP,0
VS,0,VSP,0
VS,0,VSP,0
VS,0,VSP,0
VS,0,VSP,0
VS,0,VSP,0
VS,0,VSP,0
VS,0,VSP,0
VS,0,VSP,0
VS,0,VSP,0
VS,0,VSP,0
VS,0,VSP,0
VS,0,VSP,0
VS,0,VSP,0
VS,0,VSP,0
VS,0,VSP,0
VS,0,VSP,0
VS,0,VSP,0
VS,0,VSP,0
VS,0,VSP,0
VS,0,VSP,0
VS,0,VSP,0
VS,0,VSP,0
VS,0,VSP,0
VS,0,VSP,0
VS,0,VSP,0
VS,0,VSP,0
VS,0,VSP,0
VS,0,VSP,0
VS,0,VSP,0
VS,0,VSP,0
VS,0,VSP,0
VS,0,VSP,0
VS,0,VSP,0
VS,0,VSP,0
VS,0,VSP,0
VS,0,VSP,0
VS,0,VSP,0
VS,0,VSP,0
VS,0,VSP,0
VS,0,VSP,0
VS,0,VSP,0
VS,0,VSP,0
VS,0,VSP,0
VS,0,VSP,0
VS,0,VSP,0
VS,0,VSP,0
VS,0,VSP,0
VS,0,VSP,0
VS,0,VSP,0
VS,0,VSP,0
VS,0,VSP,0
VS,0,VSP,0
VS,0,VSP,0
VS,0,VSP,0
VS,0,VSP,0
VS,0,VSP,0
VS,0,VSP,0
VS,0,VSP,0
VS,0,VSP,0
VS,0,VSP,0
VS,0,VSP,0
VS,0,VSP,0
VS,0,VSP,0
VS,0,VSP,0
VS,0,VSP,0
VS,0,VSP,0
VS,0,VSP,0
VS,0,VSP,0
VS,0,VSP,0
VS,0,VSP,0
VS,0,VSP,0
VS,0,VSP,0
VS,0,VSP,0
VS,0,VSP,0
VS,0,VSP,0
VS,0,VSP,0
VS,0,VSP,0
VS,0,VSP,0
VS,0,VSP,0
VS,0,VSP,0
VS,0,VSP,0
VS,0,VSP,0
VS,0,VSP,0
VS,0,VSP,0
VS,0,VSP,0
VS,0,VSP,0
VS,0,VSP,0
VS,0,VSP,0
VS,0,VSP,0
VS,0,VSP,0
VS,0,VSP,0
VS,0,VSP,0
VS,0,VSP,0
VS,0,VSP,0
VS,0,VSP,0
VS,0,VSP,0
VS,0,VSP,0
VS,0,VSP,0
VS,0,VSP,0
VS,0,VSP,0
VS,0,VSP,0
VS,0,VSP,0
VS,0,VSP,0
VS,0,VSP,0
VS,0,VSP,0
VS,0,VSP,0
VS,0,VSP,0
VS,0,VSP,0
VS,0,VSP,0
VS,0,VSP,0
VS,0,VSP,0
VS,0,VSP,0
VS,0,VSP,0
VS,0,VSP,0
VS,0,VSP,0
VS,0,VSP,0
VS,0,VSP,0
VS,0,VSP,0
VS,0,VSP,0
VS,0,VSP,0
VS,0,VSP,0
VS,0,VSP,0
VS,0,VSP,0
VS,0,VSP,0
VS,0,VSP,0
VS,0,VSP,0
VS,0,VSP,0
VS,0,VSP,0
VS,0,VSP,0
VS,0,VSP,0
VS,0,VSP,0
VS,0,VSP,0
VS,0,VSP,0
VS,0,VSP,0
VS,0,VSP,0
VS,0,VSP,0
VS,0,VSP,0
VS,0,VSP,0
VS,0,VSP,0
VS,0,VSP,0
VS,0,VSP,0
VS,0,VSP,0
VS,0,VSP,0
VS,0,VSP,0
VS,0,VSP,0
VS,0,VSP,0
VS,0,VSP,0
VS,0,VSP,0
VS,0,VSP,0
VS,0,VSP,0
VS,0,VSP,0
VS,0,VSP,0
VS,0,VSP,0
VS,0,VSP,0
VS,0,VSP,0
VS,0,VSP,0
VS,0,VSP,0
VS,0,VSP,0
VS,0,VSP,0
VS,0,VSP,0
VS,0,VSP,0
VS,0,VSP,0
VS,0,VSP,0
VS,0,VSP,0
VS,0,VSP,0
VS,0,VSP,0
VS,0,VSP,0
VS,0,VSP,0
VS,0,VSP,0
VS,0,VSP,0
VS,0,VSP,0
VS,0,VSP,0
VS,0,VSP,0
VS,0,VSP,0
VS,0,VSP,0
VS,0,VSP,0
VS,0,VSP,0
VS,0,VSP,0
VS,0,VSP,0
VS,0,VSP,0
VS,0,VSP,0
VS,0,VSP,0
VS,0,VSP,0
VS,0,VSP,0
VS,0,VSP,0
VS,0,VSP,0
VS,0,VSP,0
VS,0,VSP,0
VS,0,VSP,0
VS,0,VSP,0
VS,0,VSP,0
VS,0,VSP,0
VS,0,VSP,0
VS,0,VSP,0
VS,0,VSP,0
VS,0,VSP,0
VS,0,VSP,0
VS,0,VSP,0
VS,0,VSP,0
VS,0,VSP,0
VS,0,VSP,0
VS,0,VSP,0
VS,0,VSP,0
VS,0,VSP,0
VS,0,VSP,0
VS,0,VSP,0
VS,0,VSP,0
VS,0,VSP,0
VS,0,VSP,0
VS,0,VSP,0
VS,0,VSP,0
VS,0,VSP,0
VS,0,VSP,0
VS,0,VSP,0
VS,0,VSP,0
VS,0,VSP,0
VS,0,VSP,0
VS,0,VSP,0
VS,0,VSP,0
VS,0,VSP,0
VS,0,VSP,0
VS,0,VSP,0
VS,0,VSP,0
VS,0,VSP,0
VS,0,VSP,0
VS,0,VSP,0
VS,0,VSP,0
VS,0,VSP,0
VS,0,VSP,0
VS,0,VSP,0
VS,0,VSP,0
VS,0,VSP,0
VS,0,VSP,0
VS,0,VSP,0
VS,0,VSP,0
VS,0,VSP,0
VS,0,VSP,0
VS,0,VSP,0
VS,0,VSP,0
VS,0,VSP,0
VS,0,VSP,0
VS,0,VSP,0
VS,0,VSP,0
VS,0,VSP,0
VS,0,VSP,0
VS,0,VSP,0
VS,0,VSP,0
VS,0,VSP,0
VS,0,VSP,0
VS,0,VSP,0
VS,0,VSP,0
VS,0,VSP,0
VS,0,VSP,0
VS,0,VSP,0
VS,0,VSP,0
VS,0,VSP,0
VS,0,VSP,0
VS,0,VSP,0
VS,0,VSP,0
VS,0,VSP,0
VS,0,VSP,0
VS,0,VSP,0
VS,0,VSP,0
VS,0,VSP,0
VS,0,VSP,0
VS,0,VSP,0
VS,0,VSP,0
VS,0,VSP,0
VS,0,VSP,0
VS,0,VSP,0
VS,0,VSP,0
VS,0,VSP,0
VS,0,VSP,0
VS,0,VSP,0
VS,0,VSP,0
VS,0,VSP,0
VS,0,VSP,0
VS,0,VSP,0
VS,0,VSP,0
VS,0,VSP,0
VS,0,VSP,0
VS,0,VSP,0
VS,0,VSP,0
VS,0,VSP,0
VS,0,VSP,0
VS,0,VSP,0
VS,0,VSP,0
VS,0,VSP,0
VS,0,VSP,0
VS,0,VSP,0
VS,0,VSP,0
VS,0,VSP,0
VS,0,VSP,0
VS,0,VSP,0
VS,0,VSP,0
VS,0,VSP,0
VS,0,VSP,0
VS,0,VSP,0
VS,0,VSP,0
VS,0,VSP,0
VS,0,VSP,0
VS,0,VSP,0
VS,0,VSP,0
VS,0,VSP,0
VS,0,VSP,0
VS,0,VSP,0
VS,0,VSP,0
VS,0,VSP,0
VS,0,VSP,0
VS,0,VSP,0
VS,0,VSP,0
VS,0,VSP,0
VS,0,VSP,0
VS,0,VSP,0
VS,0,VSP,0
VS,0,VSP,0
VS,0,VSP,0
VS,0,VSP,0
VS,0,VSP,0
VS,0,VSP,0
VS,0,VSP,0
VS,0,VSP,0
VS,0,VSP,0
VS,0,VSP,0
VS,0,VSP,0
VS,0,VSP,0
VS,0,VSP,0
VS,0,VSP,0
VS,0,VSP,0
VS,0,VSP,0
VS,0,VSP,0
VS,0,VSP,0
VS,0,VSP,0
VS,0,VSP,0
VS,0,VSP,0
VS,0,VSP,0
VS,0,VSP,0
VS,0,VSP,0
VS,0,VSP,0
VS,0,VSP,0
VS,0,VSP,0
VS,0,VSP,0
VS,0,VSP,0
VS,0,VSP,0
VS,0,VSP,0
VS,0,VSP,0
VS,0,VSP,0
VS,0,VSP,0
VS,0,VSP,0
VS,0,VSP,0
VS,0,VSP,0
VS,0,VSP,0
VS,0,VSP,0
VS,0,VSP,0
VS,0,VSP,0
VS,0,VSP,0
VS,0,VSP,0
VS,0,VSP,0
VS,0,VSP,0
VS,0,VSP,0
VS,0,VSP,0
VS,0,VSP,0
VS,0,VSP,0
VS,0,VSP,0
VS,0,VSP,0
VS,0,VSP,0
VS,0,VSP,0
VS,0,VSP,0
VS,0,VSP,0
VS,0,VSP,0
VS,0,VSP,0
VS,0,VSP,0
VS,0,VSP,0
VS,0,VSP,0
VS,0,VSP,0
VS,0,VSP,0
VS,0,VSP,0
VS,0,VSP,0
VS,0,VSP,0
VS,0,VSP,0
VS,0,VSP,0
VS,0,VSP,0
VS,0,VSP,0
VS,0,VSP,0
VS,0,VSP,0
VS,0,VSP,0
VS,0,VSP,0
VS,0,VSP,0
VS,0,VSP,0
VS,0,VSP,0
VS,0,VSP,0
VS,0,VSP,0
VS,0,VSP,0
VS,0,VSP,0
VS,0,VSP,0
VS,0,VSP,0
VS,0,VSP,0
VS,0,VSP,0
VS,0,VSP,0
VS,0,VSP,0
VS,0,VSP,0
VS,0,VSP,0
VS,0,VSP,0
VS,0,VSP,0
VS,0,VSP,0
VS,0,VSP,0
VS,0,VSP,0
VS,0,VSP,0
VS,0,VSP,0
VS,0,VSP,0
VS,0,VSP,0
VS,0,VSP,0
VS,0,VSP,0
VS,0,VSP,0
VS,0,VSP,0
VS,0,VSP,0
VS,0,VSP,0
VS,0,VSP,0
VS,0,VSP,0
VS,0,VSP,0
VS,0,VSP,0
VS,0,VSP,0
VS,0,VSP,0
VS,0,VSP,0
VS,0,VSP,0
VS,0,VSP,0
VS,0,VSP,0
VS,0,VSP,0
VS,0,VSP,0
VS,0,VSP,0
VS,0,VSP,0
VS,0,VSP,0
VS,0,VSP,0
VS,0,VSP,0
VS,0,VSP,0
VS,0,VSP,0
VS,0,VSP,0
VS,0,VSP,0
VS,0,VSP,0
VS,0,VSP,0
VS,0,VSP,0
VS,0,VSP,0
VS,0,VSP,0
VS,0,VSP,0
VS,0,VSP,0
VS,0,VSP,0
VS,0,VSP,0
VS,0,VSP,0
VS,0,VSP,0
VS,0,VSP,0
VS,0,VSP,0
VS,0,VSP,0
VS,0,VSP,0
VS,0,VSP,0
VS,0,VSP,0
VS,0,VSP,0
VS,0,VSP,0
VS,0,VSP,0
VS,0,VSP,0
VS,0,VSP,0
VS,0,VSP,0
VS,0,VSP,0
VS,0,VSP,0
VS,0,VSP,0
VS,0,VSP,0
VS,0,VSP,0
VS,0,VSP,0
VS,0,VSP,0
VS,0,VSP,0
VS,0,VSP,0
VS,0,VSP,0
VS,0,VSP,0
VS,0,VSP,0
VS,0,VSP,0
VS,0,VSP,0
VS,0,VSP,0
VS,0,VSP,0
VS,0,VSP,0
VS,0,VSP,0
VS,0,VSP,0
VS,0,VSP,0
VS,0,VSP,0
VS,0,VSP,0
VS,0,VSP,0
VS,0,VSP,0
VS,0,VSP,0
VS,0,VSP,0
VS,0,VSP,0
VS,0,VSP,0
VS,0,VSP,0
VS,0,VSP,0
VS,0,VSP,0
VS,0,VSP,0
VS,0,VSP,0
VS,0,VSP,0
VS,0,VSP,0
VS,0,VSP,0
VS,0,VSP,0
VS,0,VSP,0
VS,0,VSP,0
VS,0,VSP,0
VS,0,VSP,0
VS,0,VSP,0
VS,0,VSP,0
VS,0,VSP,0
VS,0,VSP,0
VS,0,VSP,0
VS,0,VSP,0
VS,0,VSP,0
VS,0,VSP,0
VS,0,VSP,0
VS,0,VSP,0
VS,0,VSP,0
VS,0,VSP,0
VS,0,VSP,0
VS,0,VSP,0
VS,0,VSP,0
VS,0,VSP,0
VS,0,VSP,0
VS,0,VSP,0
VS,0,VSP,0
VS,0,VSP,0
VS,0,VSP,0
VS,0,VSP,0
VS,0,VSP,0
VS,0,VSP,0
VS,0,VSP,0
VS,0,VSP,0
VS,0,VSP,0
VS,0,VSP,0
VS,0,VSP,0
VS,0,VSP,0
VS,0,VSP,0
VS,0,VSP,0
VS,0,VSP,0
VS,0,VSP,0
VS,0,VSP,0
VS,0,VSP,0
VS,0,VSP,0
VS,0,VSP,0
VS,0,VSP,0
VS,0,VSP,0
VS,0,VSP,0
VS,0,VSP,0
VS,0,VSP,0
VS,0,VSP,0
VS,0,VSP,0
VS,0,VSP,0
VS,0,VSP,0
VS,0,VSP,0
VS,0,VSP,0
VS,0,VSP,0
VS,0,VSP,0
VS,0,VSP,0
VS,0,VSP,0
VS,0,VSP,0
VS,0,VSP,0
VS,0,VSP,0
VS,0,VSP,0
VS,0,VSP,0
VS,0,VSP,0
VS,0,VSP,0
VS,0,VSP,0
VS,0,VSP,0
VS,0,VSP,0
VS,0,VSP,0
VS,0,VSP,0
VS,0,VSP,0
VS,0,VSP,0
VS,0,VSP,0
VS,0,VSP,0
VS,0,VSP,0
VS,0,VSP,0
VS,0,VSP,0
VS,0,VSP,0
VS,0,VSP,0
VS,0,VSP,0
VS,0,VSP,0
VS,0,VSP,0
VS,0,VSP,0
VS,0,VSP,0
VS,0,VSP,0
VS,0,VSP,0
VS,0,VSP,0
VS,0,VSP,0
VS,0,VSP,0
VS,0,VSP,0
VS,0,VSP,0
VS,0,VSP,0
VS,0,VSP,0
VS,0,VSP,0
VS,0,VSP,0
VS,0,VSP,0
VS,0,VSP,0
VS,0,VSP,0
VS,0,VSP,0
VS,0,VSP,0
VS,0,VSP,0
VS,0,VSP,0
VS,0,VSP,0
VS,0,VSP,0
VS,0,VSP,0
VS,0,VSP,0
VS,0,VSP,0
VS,0,VSP,0
VS,0,VSP,0
VS,0,VSP,0
VS,0,VSP,0
VS,0,VSP,0
VS,0,VSP,0
VS,0,VSP,0
VS,0,VSP,0
VS,0,VSP,0
VS,0,VSP,0
VS,0,VSP,0
VS,0,VSP,0
VS,0,VSP,0
VS,0,VSP,0
VS,0,VSP,0
VS,0,VSP,0
VS,0,VSP,0
VS,0,VSP,0
VS,0,VSP,0
VS,0,VSP,0
VS,0,VSP,0
VS,0,VSP,0
VS,0,VSP,0
VS,0,VSP,0
VS,0,VSP,0
VS,0,VSP,0
VS,0,VSP,0
VS,0,VSP,0
VS,0,VSP,0
VS,0,VSP,0
VS,0,VSP,0
VS,0,VSP,0
VS,0,VSP,0
VS,0,VSP,0
VS,0,VSP,0
VS,0,VSP,0
VS,0,VSP,0
VS,0,VSP,0
VS,0,VSP,0
VS,0,VSP,0
VS,0,VSP,0
VS,0,VSP,0
VS,0,VSP,0
VS,0,VSP,0
VS,0,VSP,0
VS,0,VSP,0
VS,0,VSP,0
VS,0,VSP,0
VS,0,VSP,0
VS,0,VSP,0
VS,0,VSP,0
VS,0,VSP,0
VS,0,VSP,0
VS,0,VSP,0
VS,0,VSP,0
VS,0,VSP,0
VS,0,VSP,0
VS,0,VSP,0
VS,0,VSP,0
VS,0,VSP,0
VS,0,VSP,0
VS,0,VSP,0
VS,0,VSP,0
VS,0,VSP,0
VS,0,VSP,0
VS,0,VSP,0
VS,0,VSP,0
VS,0,VSP,0
VS,0,VSP,0
VS,0,VSP,0
VS,0,VSP,0
VS,0,VSP,0
VS,0,VSP,0
VS,0,VSP,0
VS,0,VSP,0
VS,0,VSP,0
VS,0,VSP,0
VS,0,VSP,0
VS,0,VSP,0
VS,0,VSP,0
VS,0,VSP,0
VS,0,VSP,0
VS,0,VSP,0
VS,0,VSP,0
VS,0,VSP,0
VS,0,VSP,0
VS,0,VSP,0
VS,0,VSP,0
VS,0,VSP,0
VS,0,VSP,0
VS,0,VSP,0
VS,0,VSP,0
VS,0,VSP,0
VS,0,VSP,0
VS,0,VSP,0
VS,0,VSP,0
VS,0,VSP,0
VS,0,VSP,0
VS,0,VSP,0
VS,0,VSP,0
VS,0,VSP,0
VS,0,VSP,0
VS,0,VSP,0
VS,0,VSP,0
VS,0,VSP,0
VS,0,VSP,0
VS,0,VSP,0
VS,0,VSP,0
VS,0,VSP,0
VS,0,VSP,0
VS,0,VSP,0
VS,0,VSP,0
VS,0,VSP,0
VS,0,VSP,0
VS,0,VSP,0
VS,0,VSP,0
VS,0,VSP,0
VS,0,VSP,0
VS,0,VSP,0
VS,0,VSP,0
VS,0,VSP,0
VS,0,VSP,0
VS,0,VSP,0
VS,0,VSP,0
VS,0,VSP,0
VS,0,VSP,0
VS,0,VSP,0
VS,0,VSP,0
VS,0,VSP,0
VS,0,VSP,0
VS,0,VSP,0
VS,0,VSP,0
VS,0,VSP,0
VS,0,VSP,0
VS,0,VSP,0
VS,0,VSP,0
VS,0,VSP,0
VS,0,VSP,0
VS,0,VSP,0
VS,0,VSP,0
VS,0,VSP,0
VS,0,VSP,0
VS,0,VSP,0
VS,0,VSP,0
VS,0,VSP,0
VS,0,VSP,0
VS,0,VSP,0
VS,0,VSP,0
VS,0,VSP,0
VS,0,VSP,0
VS,0,VSP,0
VS,0,VSP,0
VS,0,VSP,0
VS,0,VSP,0
VS,0,VSP,0
VS,0,VSP,0
VS,0,VSP,0
VS,0,VSP,0
VS,0,VSP,0
VS,0,VSP,0
VS,0,VSP,0
VS,0,VSP,0
VS,0,VSP,0
VS,0,VSP,0
VS,0,VSP,0
VS,0,VSP,0
VS,0,VSP,0
VS,0,VSP,0
VS,0,VSP,0
VS,0,VSP,0
VS,0,VSP,0
VS,0,VSP,0
VS,0,VSP,0
VS,0,VSP,0
VS,0,VSP,0
VS,0,VSP,0
VS,0,VSP,0
VS,0,VSP,0
VS,0,VSP,0
VS,0,VSP,0
VS,0,VSP,0
VS,0,VSP,0
VS,0,VSP,0
VS,0,VSP,0
VS,0,VSP,0
VS,0,VSP,0
VS,0,VSP,0
VS,0,VSP,0
VS,0,VSP,0
VS,0,VSP,0
VS,0,VSP,0
VS,0,VSP,0
VS,0,VSP,0
VS,0,VSP,0
VS,0,VSP,0
VS,0,VSP,0
VS,0,VSP,0
VS,0,VSP,0
VS,0,VSP,0
VS,0,VSP,0
VS,0,VSP,0
VS,0,VSP,0
VS,0,VSP,0
VS,0,VSP,0
VS,0,VSP,0
VS,0,VSP,0
VS,0,VSP,0
VS,0,VSP,0
VS,0,VSP,0
VS,0,VSP,0
VS,0,VSP,0
VS,0,VSP,0
VS,0,VSP,0
VS,0,VSP,0
VS,0,VSP,0
VS,0,VSP,0
VS,0,VSP,0
VS,0,VSP,0
VS,0,VSP,0
VS,0,VSP,0
VS,0,VSP,0
VS,0,VSP,0
VS,0,VSP,0
VS,0,VSP,0
VS,0,VSP,0
VS,0,VSP,0
VS,0,VSP,0
VS,0,VSP,0
VS,0,VSP,0
VS,0,VSP,0
VS,0,VSP,0
VS,0,VSP,0
VS,0,VSP,0
VS,0,VSP,0
VS,0,VSP,0
VS,0,VSP,0
VS,0,VSP,0
VS,0,VSP,0
VS,0,VSP,0
VS,0,VSP,0
VS,0,VSP,0
VS,0,VSP,0
VS,0,VSP,0
VS,0,VSP,0
VS,0,VSP,0
VS,0,VSP,0
VS,0,VSP,0
VS,0,VSP,0
VS,0,VSP,0
VS,0,VSP,0
VS,0,VSP,0
VS,0,VSP,0
VS,0,VSP,0
VS,0,VSP,0
VS,0,VSP,0
VS,0,VSP,0
VS,0,VSP,0
VS,0,VSP,0
VS,0,VSP,0
VS,0,VSP,0
VS,0,VSP,0
VS,0,VSP,0
VS,0,VSP,0
VS,0,VSP,0
VS,0,VSP,0
VS,0,VSP,0
VS,0,VSP,0
VS,0,VSP,0
VS,0,VSP,0
VS,0,VSP,0
VS,0,VSP,0
VS,0,VSP,0
VS,0,VSP,0
VS,0,VSP,0
VS,0,VSP,0
VS,0,VSP,0
VS,0,VSP,0
VS,0,VSP,0
VS,0,VSP,0
VS,0,VSP,0
VS,0,VSP,0
VS,0,VSP,0
VS,0,VSP,0
VS,0,VSP,0
VS,0,VSP,0
VS,0,VSP,0
VS,0,VSP,0
VS,0,VSP,0
VS,0,VSP,0
VS,0,VSP,0
VS,0,VSP,0
VS,0,VSP,0
VS,0,VSP,0
VS,0,VSP,0
VS,0,VSP,0
VS,0,VSP,0
VS,0,VSP,0
VS,0,VSP,0
VS,0,VSP,0
VS,0,VSP,0
VS,0,VSP,0
VS,0,VSP,0
VS,0,VSP,0
VS,0,VSP,0
VS,0,VSP,0
VS,0,VSP,0
VS,0,VSP,0
VS,0,VSP,0
VS,0,VSP,0
VS,0,VSP,0
VS,0,VSP,0
VS,0,VSP,0
VS,0,VSP,0
VS,0,VSP,0
VS,0,VSP,0
VS,0,VSP,0
VS,0,VSP,0
VS,0,VSP,0
VS,0,VSP,0
VS,0,VSP,0
VS,0,VSP,0
VS,0,VSP,0
VS,0,VSP,0
VS,0,VSP,0
VS,0,VSP,0
VS,0,VSP,0
VS,0,VSP,0
VS,0,VSP,0
VS,0,VSP,0
VS,0,VSP,0
VS,0,VSP,0
VS,0,VSP,0
VS,0,VSP,0
VS,0,VSP,0
VS,0,VSP,0
VS,0,VSP,0
VS,0,VSP,0
VS,0,VSP,0
VS,0,VSP,0
VS,0,VSP,0
VS,0,VSP,0
VS,0,VSP,0
VS,0,VSP,0
VS,0,VSP,0
VS,0,VSP,0
VS,0,VSP,0
VS,0,VSP,0
VS,0,VSP,0
VS,0,VSP,0
VS,0,VSP,0
VS,0,VSP,0
VS,0,VSP,0
VS,0,VSP,0
VS,0,VSP,0
VS,0,VSP,0
VS,0,VSP,0
VS,0,VSP,0
VS,0,VSP,0
VS,0,VSP,0
VS,0,VSP,0
VS,0,VSP,0
VS,0,VSP,0
VS,0,VSP,0
VS,0,VSP,0
VS,0,VSP,0
VS,0,VSP,0
VS,0,VSP,0
VS,0,VSP,0
VS,0,VSP,0
VS,0,VSP,0
VS,0,VSP,0
VS,0,VSP,0
VS,0,VSP,0
VS,0,VSP,0
VS,0,VSP,0
VS,0,VSP,0
VS,0,VSP,0
VS,0,VSP,0
VS,0,VSP,0
VS,0,VSP,0
VS,0,VSP,0
VS,0,VSP,0
VS,0,VSP,0
VS,0,VSP,0
VS,0,VSP,0
VS,0,VSP,0
VS,0,VSP,0
VS,0,VSP,0
VS,0,VSP,0
VS,0,VSP,0
VS,0,VSP,0
VS,0,VSP,0
VS,0,VSP,0
VS,0,VSP,0
VS,0,VSP,0
VS,0,VSP,0
VS,0,VSP,0
VS,0,VSP,0
VS,0,VSP,0
VS,0,VSP,0
VS,0,VSP,0
VS,0,VSP,0
VS,0,VSP,0
VS,0,VSP,0
VS,0,VSP,0
VS,0,VSP,0
VS,0,VSP,0
VS,0,VSP,0
VS,0,VSP,0
VS,0,VSP,0
VS,0,VSP,0
VS,0,VSP,0
VS,0,VSP,0
VS,0,VSP,0
VS,0,VSP,0
VS,0,VSP,0
VS,0,VSP,0
VS,0,VSP,0
VS,0,VSP,0
VS,0,VSP,0
VS,0,VSP,0
VS,0,VSP,0
VS,0,VSP,0
VS,0,VSP,0
VS,0,VSP,0
VS,0,VSP,0
VS,0,VSP,0
VS,0,VSP,0
VS,0,VSP,0
VS,0,VSP,0
VS,0,VSP,0
VS,0,VSP,0
VS,0,VSP,0
VS,0,VSP,0
VS,0,VSP,0
VS,0,VSP,0
VS,0,VSP,0
VS,0,VSP,0
VS,0,VSP,0
VS,0,VSP,0
VS,0,VSP,0
VS,0,VSP,0
VS,0,VSP,0
VS,0,VSP,0
VS,0,VSP,0
VS,0,VSP,0
VS,0,VSP,0
VS,0,VSP,0
VS,0,VSP,0
VS,0,VSP,0
VS,0,VSP,0
VS,0,VSP,0
VS,0,VSP,0
VS,0,VSP,0
VS,0,VSP,0
VS,0,VSP,0
VS,0,VSP,0
VS,0,VSP,0
VS,0,VSP,0
VS,0,VSP,0
VS,0,VSP,0
VS,0,VSP,0
VS,0,VSP,0
VS,0,VSP,0
VS,0,VSP,0
VS,0,VSP,0
VS,0,VSP,0
VS,0,VSP,0
VS,0,VSP,0
VS,0,VSP,0
VS,0,VSP,0
VS,0,VSP,0
VS,0,VSP,0
VS,0,VSP,0
VS,0,VSP,0
VS,0,VSP,0
VS,0,VSP,0
VS,0,VSP,0
VS,0,VSP,0
VS,0,VSP,0
VS,0,VSP,0
VS,0,VSP,0
VS,0,VSP,0
VS,0,VSP,0
VS,0,VSP,0
VS,0,VSP,0
VS,0,VSP,0
VS,0,VSP,0
VS,0,VSP,0
VS,0,VSP,0
VS,0,VSP,0
VS,0,VSP,0
VS,0,VSP,0
VS,0,VSP,0
VS,0,VSP,0
VS,0,VSP,0
VS,0,VSP,0
VS,0,VSP,0
VS,0,VSP,0
VS,0,VSP,0
VS,0,VSP,0
VS,0,VSP,0
VS,0,VSP,0
VS,0,VSP,0
VS,0,VSP,0
VS,0,VSP,0
VS,0,VSP,0
VS,0,VSP,0
VS,0,VSP,0
VS,0,VSP,0
VS,0,VSP,0
VS,0,VSP,0
VS,0,VSP,0
VS,0,VSP,0
VS,0,VSP,0
VS,0,VSP,0
VS,0,VSP,0
VS,0,VSP,0
VS,0,VSP,0
VS,0,VSP,0
VS,0,VSP,0
VS,0,VSP,0
VS,0,VSP,0
VS,0,VSP,0
VS,0,VSP,0
VS,0,VSP,0
VS,0,VSP,0
VS,0,VSP,0
VS,0,VSP,0
VS,0,VSP,0
VS,0,VSP,0
VS,0,VSP,0
VS,0,VSP,0
VS,0,VSP,0
VS,0,VSP,0
VS,0,VSP,0
VS,0,VSP,0
VS,0,VSP,0
VS,0,VSP,0
VS,0,VSP,0
VS,0,VSP,0
VS,0,VSP,0
VS,0,VSP,0
VS,0,VSP,0
VS,0,VSP,0
VS,0,VSP,0
VS,0,VSP,0
VS,0,VSP,0
VS,0,VSP,0
VS,0,VSP,0
VS,0,VSP,0
VS,0,VSP,0
VS,0,VSP,0
VS,0,VSP,0
VS,0,VSP,0
VS,0,VSP,0
VS,0,VSP,0
VS,0,VSP,0
VS,0,VSP,0
VS,0,VSP,0
VS,0,VSP,0
VS,0,VSP,0
VS,0,VSP,0
VS,0,VSP,0
VS,0,VSP,0
VS,0,VSP,0
VS,0,VSP,0
VS,0,VSP,0
VS,0,VSP,0
VS,0,VSP,0
VS,0,VSP,0
VS,0,VSP,0
VS,0,VSP,0
VS,0,VSP,0
VS,0,VSP,0
VS,0,VSP,0
VS,0,VSP,0
VS,0,VSP,0
VS,0,VSP,0
VS,0,VSP,0
VS,0,VSP,0
VS,0,VSP,0
VS,0,VSP,0
VS,0,VSP,0
VS,0,VSP,0
VS,0,VSP,0
VS,0,VSP,0
VS,0,VSP,0
VS,0,VSP,0
VS,0,VSP,0
VS,0,VSP,0
VS,0,VSP,0
VS,0,VSP,0
VS,0,VSP,0
VS,0,VSP,0
VS,0,VSP,0
VS,0,VSP,0
VS,0,VSP,0
VS,0,VSP,0
VS,0,VSP,0
VS,0,VSP,0
VS,0,VSP,0
VS,0,VSP,0
VS,0,VSP,0
VS,0,VSP,0
VS,0,VSP,0
VS,0,VSP,0
VS,0,VSP,0
VS,0,VSP,0
VS,0,VSP,0
VS,0,VSP,0
VS,0,VSP,0
VS,0,VSP,0
VS,0,VSP,0
VS,0,VSP,0
VS,0,VSP,0
VS,0,VSP,0
VS,0,VSP,0
VS,0,VSP,0
VS,0,VSP,0
VS,0,VSP,0
VS,0,VSP,0
VS,0,VSP,0
VS,0,VSP,0
VS,0,VSP,0
VS,0,VSP,0
VS,0,VSP,0
VS,0,VSP,0
VS,0,VSP,0
VS,0,VSP,0
VS,0,VSP,0
VS,0,VSP,0
VS,0,VSP,0
VS,0,VSP,0
VS,0,VSP,0
VS,0,VSP,0
VS,0,VSP,0
VS,0,VSP,0
VS,0,VSP,0
VS,0,VSP,0
VS,0,VSP,0
VS,0,VSP,0
VS,0,VSP,0
VS,0,VSP,0
VS,0,VSP,0
VS,0,VSP,0
VS,0,VSP,0
VS,0,VSP,0
VS,0,VSP,0
VS,0,VSP,0
VS,0,VSP,0
VS,0,VSP,0
VS,0,VSP,0
VS,0,VSP,0
VS,0,VSP,0
VS,0,VSP,0
VS,0,VSP,0
VS,0,VSP,0
VS,0,VSP,0
VS,0,VSP,0
VS,0,VSP,0
VS,0,VSP,0
VS,0,VSP,0
VS,0,VSP,0
VS,0,VSP,0
VS,0,VSP,0
VS,0,VSP,0
VS,0,VSP,0
VS,0,VSP,0
VS,0,VSP,0
VS,0,VSP,0
VS,0,VSP,0
VS,0,VSP,0
VS,0,VSP,0
VS,0,VSP,0
VS,0,VSP,0
VS,0,VSP,0
VS,0,VSP,0
VS,0,VSP,0
VS,0,VSP,0
VS,0,VSP,0
VS,0,VSP,0
VS,0,VSP,0
VS,0,VSP,0
VS,0,VSP,0
VS,0,VSP,0
VS,0,VSP,0
VS,0,VSP,0
VS,0,VSP,0
VS,0,VSP,0
VS,0,VSP,0
VS,0,VSP,0
VS,0,VSP,0
VS,0,VSP,0
VS,0,VSP,0
VS,0,VSP,0
VS,0,VSP,0
VS,0,VSP,0
VS,0,VSP,0
VS,0,VSP,0
VS,0,VSP,0
VS,0,VSP,0
VS,0,VSP,0
VS,0,VSP,0
VS,0,VSP,0
VS,0,VSP,0
VS,0,VSP,0
VS,0,VSP,0
VS,0,VSP,0
VS,0,VSP,0
VS,0,VSP,0
VS,0,VSP,0
VS,0,VSP,0
VS,0,VSP,0
VS,0,VSP,0
VS,0,VSP,0
VS,0,VSP,0
VS,0,VSP,0
VS,0,VSP,0
VS,0,VSP,0
VS,0,VSP,0
VS,0,VSP,0
VS,0,VSP,0
VS,0,VSP,0
VS,0,VSP,0
VS,0,VSP,0
VS,0,VSP,0
VS,0,VSP,0
VS,0,VSP,0
VS,0,VSP,0
VS,0,VSP,0
VS,0,VSP,0
VS,0,VSP,0
VS,0,VSP,0
VS,0,VSP,0
VS,0,VSP,0
VS,0,VSP,0
VS,0,VSP,0
VS,0,VSP,0
VS,0,VSP,0
VS,0,VSP,0
VS,0,VSP,0
VS,0,VSP,0
VS,0,VSP,0
VS,0,VSP,0
VS,0,VSP,0
VS,0,VSP,0
VS,0,VSP,0
VS,0,VSP,0
VS,0,VSP,0
VS,0,VSP,0
VS,0,VSP,0
VS,0,VSP,0
VS,0,VSP,0
VS,0,VSP,0
VS,0,VSP,0
VS,0,VSP,0
VS,0,VSP,0
VS,0,VSP,0
VS,0,VSP,0
VS,0,VSP,0
VS,0,VSP,0
VS,0,VSP,0
VS,0,VSP,0
VS,0,VSP,0
VS,0,VSP,0
VS,0,VSP,0
VS,0,VSP,0
VS,0,VSP,0
VS,0,VSP,0
VS,0,VSP,0
VS,0,VSP,0
VS,0,VSP,0
VS,0,VSP,0
VS,0,VSP,0
VS,0,VSP,0
VS,0,VSP,0
VS,0,VSP,0
VS,0,VSP,0
VS,0,VSP,0
VS,0,VSP,0
VS,0,VSP,0
VS,0,VSP,0
VS,0,VSP,0
VS,0,VSP,0
VS,0,VSP,0
VS,0,VSP,0
VS,0,VSP,0
VS,0,VSP,0
VS,0,VSP,0
VS,0,VSP,0
VS,0,VSP,0
VS,0,VSP,0
VS,0,VSP,0
VS,0,VSP,0
VS,0,VSP,0
VS,0,VSP,0
VS,0,VSP,0
VS,0,VSP,0
VS,0,VSP,0
VS,0,VSP,0
VS,0,VSP,0
VS,0,VSP,0
VS,0,VSP,0
VS,0,VSP,0
VS,0,VSP,0
VS,0,VSP,0
VS,0,VSP,0
VS,0,VSP,0
VS,0,VSP,0
VS,0,VSP,0
VS,0,VSP,0
VS,0,VSP,0
VS,0,VSP,0
VS,0,VSP,0
VS,0,VSP,0
VS,0,VSP,0
VS,0,VSP,0
VS,0,VSP,0
VS,0,VSP,0
VS,0,VSP,0
VS,0,VSP,0
VS,0,VSP,0
VS,0,VSP,0
VS,0,VSP,0
VS,0,VSP,0
VS,0,VSP,0
VS,0,VSP,0
VS,0,VSP,0
VS,0,VSP,0
VS,0,VSP,0
VS,0,VSP,0
VS,0,VSP,0
VS,0,VSP,0
VS,0,VSP,0
VS,0,VSP,0
VS,0,VSP,0
VS,0,VSP,0
VS,0,VSP,0
VS,0,VSP,0
VS,0,VSP,0
VS,0,VSP,0
VS,0,VSP,0
VS,0,VSP,0
VS,0,VSP,0
VS,0,VSP,0
VS,0,VSP,0
VS,0,VSP,0
VS,0,VSP,0
VS,0,VSP,0
VS,0,VSP,0
VS,0,VSP,0
VS,0,VSP,0
VS,0,VSP,0
VS,0,VSP,0
VS,0,VSP,0
VS,0,VSP,0
VS,0,VSP,0
VS,0,VSP,0
VS,0,VSP,0
VS,0,VSP,0
VS,0,VSP,0
VS,0,VSP,0
VS,0,VSP,0
VS,0,VSP,0
VS,0,VSP,0
VS,0,VSP,0
VS,0,VSP,0
VS,0,VSP,0
VS,0,VSP,0
VS,0,VSP,0
VS,0,VSP,0
VS,0,VSP,0
VS,0,VSP,0
VS,0,VSP,0
VS,0,VSP,0
VS,0,VSP,0
VS,0,VSP,0
VS,0,VSP,0
VS,0,VSP,0
VS,0,VSP,0
VS,0,VSP,0
VS,0,VSP,0
VS,0,VSP,0
VS,0,VSP,0
VS,0,VSP,0
VS,0,VSP,0
VS,0,VSP,0
VS,0,VSP,0
VS,0,VSP,0
VS,0,VSP,0
VS,0,VSP,0
VS,0,VSP,0
VS,0,VSP,0
VS,0,VSP,0
VS,0,VSP,0
VS,0,VSP,0
VS,0,VSP,0
VS,0,VSP,0
VS,0,VSP,0
VS,0,VSP,0
VS,0,VSP,0
VS,0,VSP,0
VS,0,VSP,0
VS,0,VSP,0
VS,0,VSP,0
VS,0,VSP,0
VS,0,VSP,0
VS,0,VSP,0
VS,0,VSP,0
VS,0,VSP,0
VS,0,VSP,0
VS,0,VSP,0
VS,0,VSP,0
VS,0,VSP,0
VS,0,VSP,0
VS,0,VSP,0
VS,0,VSP,0
VS,0,VSP,0
VS,0,VSP,0
VS,0,VSP,0
VS,0,VSP,0
VS,0,VSP,0
VS,0,VSP,0
VS,0,VSP,0
VS,0,VSP,0
VS,0,VSP,0
VS,0,VSP,0
VS,0,VSP,0
VS,0,VSP,0
VS,0,VSP,0
VS,0,VSP,0
VS,0,VSP,0
VS,0,VSP,0
VS,0,VSP,0
VS,0,VSP,0
VS,0,VSP,0
VS,0,VSP,0
VS,0,VSP,0
VS,0,VSP,0
VS,0,VSP,0
VS,0,VSP,0
VS,0,VSP,0
VS,0,VSP,0
VS,0,VSP,0
VS,0,VSP,0
VS,0,VSP,0
VS,0,VSP,0
VS,0,VSP,0
VS,0,VSP,0
VS,0,VSP,0
VS,0,VSP,0
VS,0,VSP,0
VS,0,VSP,0
VS,0,VSP,0
VS,0,VSP,0
VS,0,VSP,0
VS,0,VSP,0
VS,0,VSP,0
VS,0,VSP,0
VS,0,VSP,0
VS,0,VSP,0
VS,0,VSP,0
VS,0,VSP,0
VS,0,VSP,0
VS,0,VSP,0
VS,0,VSP,0
VS,0,VSP,0
VS,0,VSP,0
VS,0,VSP,0
VS,0,VSP,0
VS,0,VSP,0
VS,0,VSP,0
VS,0,VSP,0
VS,0,VSP,0
VS,0,VSP,0
VS,0,VSP,0
VS,0,VSP,0
VS,0,VSP,0
VS,0,VSP,0
VS,0,VSP,0
VS,0,VSP,0
VS,0,VSP,0
VS,0,VSP,0
VS,0,VSP,0
VS,0,VSP,0
VS,0,VSP,0
VS,0,VSP,0
VS,0,VSP,0
VS,0,VSP,0
VS,0,VSP,0
VS,0,VSP,0
VS,0,VSP,0
VS,0,VSP,0
VS,0,VSP,0
VS,0,VSP,0
VS,0,VSP,0
VS,0,VSP,0
VS,0,VSP,0
VS,0,VSP,0
VS,0,VSP,0
VS,0,VSP,0
VS,0,VSP,0
VS,0,VSP,0
VS,0,VSP,0
VS,0,VSP,0
VS,0,VSP,0
VS,0,VSP,0
VS,0,VSP,0
VS,0,VSP,0
VS,0,VSP,0
VS,0,VSP,0
VS,0,VSP,0
VS,0,VSP,0
VS,0,VSP,0
VS,0,VSP,0
VS,0,VSP,0
VS,0,VSP,0
VS,0,VSP,0
VS,0,VSP,0
VS,0,VSP,0
VS,0,VSP,0
VS,0,VSP,0
VS,0,VSP,0
VS,0,VSP,0
VS,0,VSP,0
VS,0,VSP,0
VS,0,VSP,0
VS,0,VSP,0
VS,0,VSP,0
VS,0,VSP,0
VS,0,VSP,0
VS,0,VSP,0
VS,0,VSP,0
VS,0,VSP,0
VS,0,VSP,0
VS,0,VSP,0
VS,0,VSP,0
VS,0,VSP,0
VS,0,VSP,0
VS,0,VSP,0
VS,0,VSP,0
VS,0,VSP,0
VS,0,VSP,0
VS,0,VSP,0
VS,0,VSP,0
VS,0,VSP,0
VS,0,VSP,0
VS,0,VSP,0
VS,0,VSP,0
VS,0,VSP,0
VS,0,VSP,0
VS,0,VSP,0
VS,0,VSP,0
VS,0,VSP,0
VS,0,VSP,0
VS,0,VSP,0
VS,0,VSP,0
VS,0,VSP,0
VS,0,VSP,0
VS,0,VSP,0
VS,0,VSP,0
VS,0,VSP,0
VS,0,VSP,0
VS,0,VSP,0
VS,0,VSP,0
VS,0,VSP,0
VS,0,VSP,0
VS,0,VSP,0
VS,0,VSP,0
VS,0,VSP,0
VS,0,VSP,0
VS,0,VSP,0
VS,0,VSP,0
VS,0,VSP,0
VS,0,VSP,0
VS,0,VSP,0
VS,0,VSP,0
VS,0,VSP,0
VS,0,VSP,0
VS,0,VSP,0
VS,0,VSP,0
VS,0,VSP,0
VS,0,VSP,0
VS,0,VSP,0
VS,0,VSP,0
VS,0,VSP,0
VS,0,VSP,0
VS,0,VSP,0
VS,0,VSP,0
VS,0,VSP,0
VS,0,VSP,0
VS,0,VSP,0
VS,0,VSP,0
VS,0,VSP,0
VS,0,VSP,0
VS,0,VSP,0
VS,0,VSP,0
VS,0,VSP,0
VS,0,VSP,0
VS,0,VSP,0
VS,0,VSP,0
VS,0,VSP,0
VS,0,VSP,0
VS,0,VSP,0
VS,0,VSP,0
VS,0,VSP,0
VS,0,VSP,0
VS,0,VSP,0
VS,0,VSP,0
VS,0,VSP,0
VS,0,VSP,0
VS,0,VSP,0
VS,1,VSP,0
